t_s,x_m,y_m
0.0,-0.01821526408064869,0.0034901919027337165
0.0166880988401412,-0.018516545641287314,0.002386714684303674
0.0333761976802824,-0.018746423012300718,0.001270035364348323
0.0500642965204236,-0.018869703030808115,0.0001352376586937754
0.0667523953605648,-0.01894356550382191,-0.0010233883874909422
0.083440494200706,-0.01899400073775241,-0.002176397428327221
0.1001285930408472,-0.018991331245312687,-0.0033503440939080544
0.11681669188098841,-0.018837390176066306,-0.004521883238852528
0.1335047907211296,-0.018600364317846074,-0.005678393964106653
0.1501928895612708,-0.01828198135027121,-0.006854614133650121
0.166880988401412,-0.01798222089059448,-0.007986243125529808
0.1835690872415532,-0.017640876094757136,-0.009123624272972052
0.2002571860816944,-0.017175964412267035,-0.010220433390602114
0.21694528492183562,-0.01660476296602233,-0.011292544051557399
0.23363338376197682,-0.0159840730125228,-0.012349632646990249
0.250321482602118,-0.015326358186859302,-0.0133361374141457
0.2670095814422592,-0.014672724911652078,-0.014306164271691532
0.2836976802824004,-0.013976288899846588,-0.015216300496749196
0.3003857791225416,-0.013196367893433337,-0.01607727255616223
0.3170738779626828,-0.012317659385750065,-0.016935659355562734
0.333761976802824,-0.011464353740193918,-0.017745004244780194
0.3504500756429652,-0.010634808691302752,-0.018488183785830083
0.3671381744831064,-0.009735188681074428,-0.019188425668875242
0.3838262733232476,-0.008829066784293946,-0.019887685066999065
0.4005143721633888,-0.007847605845211072,-0.02050109597707565
0.41720247100353003,-0.006778597890796297,-0.021068693022011212
0.43389056984367125,-0.005800673442179853,-0.021558152074658474
0.4505786686838124,-0.004794830071309358,-0.021958942118039754
0.46726676752395363,-0.0037656861568288336,-0.022331632934218318
0.48395486636409485,-0.002720429755997422,-0.022633601744309593
0.500642965204236,-0.0015862829173061126,-0.022847302189586298
0.5173310640443772,-0.000465620248357145,-0.023021677586637847
0.5340191628845185,0.0005762918806443276,-0.02311887437632987
0.5507072617246597,0.0016827380148244254,-0.023182291751101022
0.5673953605648008,0.0027961672008546975,-0.023245955580210375
0.584083459404942,0.003891133148019898,-0.02318851443694279
0.6007715582450832,0.005017341873517019,-0.023104950986079547
0.6174596570852244,0.006092311023265712,-0.0229414763081591
0.6341477559253657,0.007110815712886718,-0.022739403594433175
0.6508358547655069,0.008136564962217503,-0.02252168984595755
0.667523953605648,0.009205134590552418,-0.02228697042366105
0.6842120524457892,0.010177395497197074,-0.02194343223144527
0.7009001512859304,0.011190622985631856,-0.021578400965564317
0.7175882501260716,0.012153384729886463,-0.021153129039883558
0.7342763489662129,0.013060109048040077,-0.020715677072706242
0.7509644478063541,0.014015672883753548,-0.020222384804667898
0.7676525466464952,0.014903869022096446,-0.019753724666266483
0.7843406454866364,0.015760211570784468,-0.01914454622729486
0.8010287443267776,0.016600149505102094,-0.01852134950870461
0.8177168431669188,0.017392670518227713,-0.017854262214747143
0.8344049420070601,0.01816096197052119,-0.017135641857755898
0.8510930408472013,0.018943159483232896,-0.01642331435513689
0.8677811396873425,0.019662864343633565,-0.015651698444006122
0.8844692385274836,0.02032217037779066,-0.014851020508404377
0.9011573373676248,0.021054005829327586,-0.013962654441792418
0.917845436207766,0.021589769305895058,-0.01308092955108089
0.9345335350479073,0.022213941851121334,-0.012195138647174841
0.9512216338880485,0.022782842919760384,-0.011265484892548323
0.9679097327281897,0.023293299039620106,-0.010325654105587202
0.9845978315683308,0.023727396709228694,-0.00929334535797085
1.001285930408472,0.02413673229442459,-0.008292921323690552
1.0179740292486132,0.024512410735518346,-0.007283739438639189
1.0346621280887545,0.024873734031322797,-0.00627905518346557
1.0513502269288957,0.025207259257228717,-0.0052341323391773996
1.068038325769037,0.025474655005705657,-0.004157806269250928
1.0847264246091781,0.025637484310561235,-0.003084083437929582
1.1014145234493193,0.025816159544159546,-0.0020453929432390906
1.1181026222894606,0.025961829635759003,-0.0009809792196843158
1.1347907211296016,0.026040045781871125,0.00010153294761644506
1.1514788199697428,0.026065596359410366,0.0011628839416146144
1.168166918809884,0.026035832379926866,0.0022276528427043266
1.1848550176500252,0.0259480785914895,0.0032966164592883574
1.2015431164901664,0.02584730318018356,0.004314809084439062
1.2182312153303076,0.02568776369054288,0.005338111528864505
1.2349193141704489,0.02553819509673237,0.006347466524693596
1.25160741301059,0.025312339350305833,0.007391991980263116
1.2682955118507313,0.025045586597377947,0.008430025908213476
1.2849836106908725,0.024762504715405094,0.009438487621388006
1.3016717095310137,0.024449647417194523,0.01039786549221211
1.318359808371155,0.02409400362143112,0.011357927592933902
1.335047907211296,0.02363580874052572,0.012268274347809902
1.3517360060514372,0.023201335179540306,0.013221366857264294
1.3684241048915784,0.022687397033117694,0.01411562134665312
1.3851122037317196,0.02213138781079227,0.014979856118286651
1.4018003025718608,0.021569415001184852,0.015797479728248954
1.418488401412002,0.02095999208725959,0.016602025822117672
1.4351765002521433,0.020341253162250238,0.0174145359889089
1.4518645990922845,0.0197070543200875,0.01820213316881198
1.4685526979324257,0.01905522553094309,0.018955866266658454
1.485240796772567,0.01832371686633788,0.019658228744175797
1.5019288956127081,0.017624837375324092,0.02033261130057237
1.5186169944528494,0.01689788528443305,0.02099906746688949
1.5353050932929904,0.01611382238475521,0.02163954981260291
1.5519931921331316,0.015357362299968726,0.022258273491507243
1.5686812909732728,0.014585913240277148,0.022791712183280223
1.585369389813414,0.013721826730997925,0.02330871216269012
1.6020574886535552,0.012899702877661462,0.023833653846153838
1.6187455874936965,0.012034742458978604,0.024350434086899627
1.6354336863338377,0.011202404536973559,0.02481786465262173
1.652121785173979,0.010385217373438524,0.025251561294057104
1.6688098840141201,0.009532565993893707,0.02565464411481271
1.6854979828542613,0.008623235882438088,0.026086932546471413
1.7021860816944026,0.007748145506172266,0.02646673769683803
1.7188741805345438,0.006903885858019111,0.026813891596996445
1.735562279374685,0.0060599276791584574,0.027103966688582067
1.752250378214826,0.005236885702270319,0.027339957800312835
1.7689384770549672,0.004382750654638044,0.027554585855299574
1.7856265758951084,0.0034897182089541645,0.027761125053920328
1.8023146747352496,0.0026249679352453683,0.027944231218316965
1.8190027735753909,0.001819762084580061,0.02811373374106041
1.835690872415532,0.000989730087889263,0.028219258241598832
1.8523789712556733,0.00016356563664255439,0.028309423624808237
1.8690670700958145,-0.0006487907940822953,0.02839855421621372
1.8857551689359557,-0.0014964912421747713,0.028522718892033266
1.902443267776097,-0.002295772012340059,0.0285879842461943
1.9191313666162382,-0.0030833663201909147,0.028607829487520723
1.9358194654563794,-0.003870928618517597,0.028576171143564942
1.9525075642965204,-0.004696789392943239,0.02853677405215866
1.9691956631366616,-0.005491547357413732,0.028473657123283896
1.9858837619768028,-0.006312500229686004,0.028400396987057357
2.002571860816944,-0.007096962751365935,0.028308578294679088
2.0192599596570853,-0.007838860365972335,0.028162215925653846
2.0359480584972265,-0.008617630338666181,0.028034056541748852
2.0526361573373677,-0.009437721702237573,0.027894367200511565
2.069324256177509,-0.010216512333238384,0.027743501245953563
2.08601235501765,-0.01096382336782758,0.02758599425396053
2.1027004538577914,-0.011674875015995304,0.027435364406143962
2.1193885526979326,-0.012347906990307727,0.02717490765483941
2.136076651538074,-0.013050681402395445,0.026895566060658033
2.152764750378215,-0.013794928972271298,0.02664317812863201
2.1694528492183562,-0.014446964776735282,0.026384873465770193
2.1861409480584975,-0.015129118826495284,0.02607457711247828
2.2028290468986387,-0.015772126856545336,0.025738345304530653
2.21951714573878,-0.01639463639472291,0.02538989193329291
2.236205244578921,-0.017028482747479794,0.025025744899456928
2.252893343419062,-0.017698391626233184,0.024666122587706972
2.269581442259203,-0.018290043299349523,0.024269346496908855
2.2862695410993443,-0.018872909823658763,0.023876974642585497
2.3029576399394855,-0.019425575279421427,0.023437281094973412
2.3196457387796268,-0.01997056494911173,0.02298176748042793
2.336333837619768,-0.02049633439639845,0.022472317950645224
2.353021936459909,-0.021047274173862797,0.022014102260925004
2.3697100353000504,-0.021535095310602693,0.021552142320220492
2.3863981341401916,-0.02197896058378153,0.021075434354579762
2.403086232980333,-0.022449248687630506,0.020585752913443223
2.419774331820474,-0.02284903572211264,0.020029388560157787
2.4364624306606153,-0.02330485873358268,0.019547032734580975
2.4531505295007565,-0.02367092459224304,0.01897809676361146
2.4698386283408977,-0.024020333389081702,0.018417990506190612
2.486526727181039,-0.024338525159459445,0.017825241303095502
2.50321482602118,-0.02466527174793681,0.017261664180230313
2.5199029248613214,-0.024995349440477467,0.01665611591633964
2.5365910237014626,-0.025209134603938543,0.016028298711264224
2.553279122541604,-0.02545080291444885,0.015414194428683355
2.569967221381745,-0.025652325157854663,0.01475768474960889
2.5866553202218863,-0.025856232869546063,0.014090524274701324
2.6033434190620275,-0.02615399838441796,0.01342561376722216
2.6200315179021687,-0.026363705937044853,0.01273625438233487
2.63671961674231,-0.02654773335120609,0.012025672302968794
2.653407715582451,-0.02674816501763682,0.011286352732946741
2.670095814422592,-0.02690374598180577,0.01053509064726754
2.686783913262733,-0.027066248975636503,0.009738404205265307
2.7034720121028744,-0.027215951328343334,0.008951409078107129
2.7201601109430156,-0.027315219614606454,0.008134680019183934
2.736848209783157,-0.02741511864204171,0.007309265812909546
2.753536308623298,-0.027509073517207182,0.006476022928544996
2.7702244074634392,-0.027585071688323713,0.005622093224219559
2.7869125063035805,-0.027585009884433347,0.004758747284762128
2.8036006051437217,-0.02758827991956493,0.0039222342615231566
2.820288703983863,-0.02755223801896491,0.0030718160517850717
2.836976802824004,-0.027413537331072397,0.002223318695247165
2.8536649016641453,-0.027318831704967652,0.0013848850250618157
2.8703530005042865,-0.027212390216534026,0.0005363719423879298
2.8870410993444278,-0.02708403994822821,-0.0002882003923246466
2.903729198184569,-0.026922994261567818,-0.001124299292111082
2.92041729702471,-0.02676259144648652,-0.001999783478881052
2.9371053958648514,-0.0265548686567785,-0.0028371749202137507
2.9537934947049926,-0.026373384620859655,-0.003669583590546585
2.970481593545134,-0.026157093514219243,-0.004523870906459711
2.987169692385275,-0.02584601115114651,-0.005373142577472177
3.0038577912254163,-0.02555574857495764,-0.006234213998844571
3.0205458900655575,-0.025183984443237505,-0.007076708369461982
3.0372339889056987,-0.02479974993765444,-0.007906519757872554
3.05392208774584,-0.024432681068923563,-0.00874158806458929
3.0706101865859807,-0.024015476433380936,-0.009596812441905278
3.087298285426122,-0.023519428188883956,-0.010398346344569008
3.103986384266263,-0.02303849500470169,-0.01121045962584423
3.1206744831064044,-0.022496753209144012,-0.01200622421678062
3.1373625819465456,-0.021994529378011655,-0.012818058113110788
3.154050680786687,-0.02151389251954639,-0.01358246714892932
3.170738779626828,-0.02092757643283186,-0.014358203380751822
3.1874268784669693,-0.02027289579471699,-0.015078925254063447
3.2041149773071105,-0.01963607434633789,-0.01579670051040311
3.2208030761472517,-0.01897668435446271,-0.016501175538818524
3.237491174987393,-0.018314939485952097,-0.01721395922651399
3.254179273827534,-0.017622322105901977,-0.01791791394831336
3.2708673726676754,-0.016854901240785033,-0.018574574223285345
3.2875554715078166,-0.01603624327902515,-0.01921403006313438
3.304243570347958,-0.015257783121330765,-0.01978657537130556
3.320931669188099,-0.014433330536097983,-0.02038788201843132
3.3376197680282402,-0.013581888167959907,-0.020936136866555714
3.3543078668683814,-0.012673668639053249,-0.021462458908612748
3.3709959657085227,-0.01173110951428976,-0.02195955795703211
3.387684064548664,-0.010789158764694053,-0.022394214784539925
3.404372163388805,-0.009821073477068171,-0.02280181323539414
3.4210602622289463,-0.008820311722258153,-0.023179932319546136
3.4377483610690875,-0.007787476112282088,-0.023511134395290442
3.4544364599092288,-0.00677316105331052,-0.023750186800277937
3.47112455874937,-0.005667252020105611,-0.02393801015178185
3.4878126575895108,-0.004612464312411622,-0.024076187709960083
3.504500756429652,-0.0035567531151729304,-0.02418235550690884
3.521188855269793,-0.0024332859201942024,-0.02427143263541192
3.5378769541099344,-0.001272776600839269,-0.02427856492867572
3.5545650529500756,-0.0002051402164567879,-0.024219436226166978
3.571253151790217,0.0009442766704966323,-0.024112880428884202
3.587941250630358,0.001985647297454155,-0.0239739137536228
3.6046293494704993,0.003063126203886087,-0.023734118115014597
3.6213174483106405,0.004154185150581915,-0.023524318027152023
3.6380055471507817,0.005261753942715749,-0.023195252830333607
3.654693645990923,0.006281030363641422,-0.022813510848126238
3.671381744831064,0.00732636320175372,-0.022338941536332705
3.6880698436712054,0.0083416103558178,-0.021840105286682256
3.7047579425113466,0.009347130365555319,-0.021263499701627258
3.721446041351488,0.01040991672145518,-0.02063903133903132
3.738134140191629,0.011375066678306385,-0.019947875524128314
3.7548222390317703,0.012281096253005126,-0.019155917654433897
3.7715103378719115,0.013146298764381427,-0.018382571988542137
3.7881984367120527,0.013999616480385708,-0.017564497041420126
3.804886535552194,0.014866029902354687,-0.016658939161503267
3.821574634392335,0.015728711268337994,-0.01571872269020133
3.8382627332324764,0.016461077415617902,-0.014733119602553217
3.8549508320726176,0.017088318821058036,-0.013722246364804213
3.871638930912759,0.017726228335942854,-0.01271570430920152
3.8883270297528996,0.01826316528290639,-0.011624518841721528
3.905015128593041,0.018798080057070232,-0.010479330344540844
3.921703227433182,0.019210657424840114,-0.009359020866953569
3.9383913262733232,0.01953010111953774,-0.00816226537396635
3.9550794251134644,0.01971809912051716,-0.0070167039783398145
3.9717675239536057,0.019923635171988727,-0.005851275015202943
3.988455622793747,0.020065129166277475,-0.004657042719700451
4.005143721633888,0.02017265652919978,-0.003461751795744779
4.02183182047403,0.020189410228630165,-0.0022619241418266305
4.0385199193141705,0.020016170622775394,-0.0010382103425604723
4.055208018154312,0.019832139962998648,0.00016343481602872613
4.071896116994453,0.019661175269257758,0.0013914491800779407
4.088584215834595,0.019401949099584266,0.002622380302541137
4.105272314674735,0.019048049710689352,0.003844405069460929
4.121960413514876,0.01862923706308595,0.005041049506201431
4.138648512355018,0.018087273303545898,0.006187451398319243
4.155336611195159,0.01750381243549309,0.007320178698133479
4.1720247100353,0.016906745309260097,0.008456103019268696
4.188712808875441,0.016247206465800627,0.009528944206397796
4.205400907715583,0.015478141649096557,0.010597887052528966
4.2220890065557235,0.014629136653562642,0.01157170552204941
4.238777105395865,0.01369462973741032,0.012469233643382456
4.255465204236006,0.012718437733795825,0.01332441406515677
4.272153303076148,0.011769306717449949,0.014072756126867543
4.288841401916288,0.010736266425793548,0.01476909157392643
4.30552950075643,0.009611972342314222,0.015359769954641748
4.322217599596571,0.008452373786941534,0.015817186776729365
4.3389056984367125,0.007271389436774056,0.016241989918913003
4.355593797276853,0.0060780248297282735,0.016584400015383517
4.372281896116995,0.004895869645458612,0.016875906542729805
4.388969994957136,0.003693370176860423,0.017071290478470665
4.405658093797277,0.00243036568967244,0.017159485718460075
4.422346192637418,0.0011674044344817868,0.017161948505509683
4.43903429147756,-6.103075462050008e-05,0.017146778435239967
4.455722390317701,-0.001351744872421877,0.017072814117343557
4.472410489157842,-0.0025395418168627686,0.016930698950327595
4.489098587997983,-0.003768323546970761,0.016730720643468342
4.505786686838124,-0.005026010842391214,0.016405826408875425
4.522474785678265,-0.00624651771747262,0.01605434718538167
4.539162884518406,-0.007398278033251448,0.01563555331146738
4.555850983358548,-0.008513588102164448,0.015172166868722548
4.572539082198689,-0.00960150310426752,0.014587593015958402
4.58922718103883,-0.010619645177843971,0.013945411427937536
4.605915279878971,-0.011651321811659504,0.013243877151081744
4.622603378719113,-0.012559012852994302,0.012481506790934857
4.6392914775592535,-0.013379088805078506,0.011712203121890927
4.655979576399395,-0.01412197727911938,0.010925132600267505
4.672667675239536,-0.014882464062428588,0.010097035809291622
4.689355774079678,-0.015531789683249218,0.009187698942377573
4.706043872919818,-0.01615234800001109,0.008323313553985415
4.72273197175996,-0.016674099486619937,0.007438547334946686
4.739420070600101,-0.017113274161735692,0.00655347659088549
4.7561081694402425,-0.01754105712513079,0.005642888296246905
4.772796268280383,-0.01789883483088611,0.00469721813042163
4.789484367120525,-0.018218569125296496,0.0037227628280631863
4.806172465960666,-0.01844597017052638,0.002779196608782419
4.822860564800807,-0.018597375327178305,0.0018285772913753805
4.839548663640948,-0.018675311649972277,0.0008841616067860464
4.85623676248109,-0.018709789612097297,-9.098619329388446e-05
4.872924861321231,-0.01871437213274701,-0.0010717057166292204
4.889612960161372,-0.01864414556047964,-0.002061087040842433
4.906301059001513,-0.01851085761466033,-0.0030397884799817382
4.922989157841654,-0.018288195877346272,-0.003981084714494582
4.9396772566817955,-0.018041735372376747,-0.004969045004288986
4.956365355521936,-0.017733262031095178,-0.0059246390902945485
4.973053454362078,-0.017359450622048165,-0.006901445463987278
4.989741553202219,-0.01690698080905303,-0.007820743135341096
5.00642965204236,-0.016416645147229948,-0.00873469860681065
5.023117750882501,-0.015870679340923947,-0.009640548270287565
5.039805849722643,-0.015218054092026688,-0.010513047022056498
5.056493948562784,-0.014578887233990883,-0.011405961050536451
5.073182047402925,-0.013860083194254786,-0.012269355939918063
5.089870146243066,-0.013076714351933026,-0.013086586638428861
5.106558245083208,-0.012280555783208667,-0.013836290456235044
5.123246343923348,-0.011409758157043225,-0.014582868597800721
5.13993444276349,-0.010447967761681283,-0.015248954635108489
5.156622541603631,-0.009460891420279373,-0.015872061169288923
5.1733106404437725,-0.008407570329966658,-0.016419692480851074
5.189998739283913,-0.007275228157772538,-0.016882486218580888
5.206686838124055,-0.006140483394292205,-0.017265165354933838
5.223374936964196,-0.004986072003446008,-0.01757042326962752
5.240063035804337,-0.003752635069671122,-0.017782231518173992
5.256751134644478,-0.0025511873426795097,-0.01791875800836344
5.27343923348462,-0.0013203270428338624,-0.017988675087856065
5.290127332324761,-5.6429674048144867e-05,-0.01796961541013438
5.306815431164902,0.001169787476273793,-0.017845735131882465
5.323503530005043,0.002398199140355479,-0.017642592646495557
5.340191628845184,0.003656031610270666,-0.01734444796248398
5.3568797276853255,0.004833898852825836,-0.017018663302389023
5.373567826525466,0.006022741833805469,-0.01655776901161516
5.390255925365608,0.007209347759752617,-0.016022988527441974
5.406944024205749,0.008351123621155669,-0.015417961501935851
5.42363212304589,0.009505756396746917,-0.014738239532391265
5.440320221886031,0.010660587560889698,-0.014014727804602037
5.457008320726173,0.011684578445200142,-0.01319290543920897
5.473696419566314,0.012780599440461646,-0.01234553143624424
5.490384518406455,0.013776806035947624,-0.011400942044866223
5.507072617246596,0.01470774919912632,-0.010396009353177055
5.523760716086738,0.01564042881547378,-0.009375666302213759
5.5404488149268785,0.016467054731365272,-0.008280916451000165
5.55713691376702,0.017191076055479343,-0.00716156055731871
5.573825012607161,0.01784350149348058,-0.006001588993609066
5.590513111447303,0.018424471208709308,-0.004805758258137208
5.607201210287443,0.018831842498144822,-0.003582772992228549
5.623889309127585,0.019178508952657228,-0.0023556413552878134
5.640577407967726,0.019385428675631575,-0.0011332812190627312
5.657265506807867,0.01945687282962509,0.00012436248768657264
5.673953605648008,0.019508448389217618,0.0013578785886478291
5.69064170448815,0.01944302701226562,0.002580015652159152
5.707329803328291,0.019295992541663674,0.003777782480273923
5.724017902168432,0.01906253785440392,0.004958730224090757
5.740706001008573,0.018776162041915463,0.006104468041032859
5.757394099848714,0.018407080484862413,0.0072137671307200835
5.7740821986888555,0.017946026697171446,0.008302196417516847
5.790770297528996,0.017478103642555545,0.00936686632378311
5.807458396369138,0.016852572911548163,0.010394022370231504
5.824146495209279,0.016167767360019306,0.01138516993968499
5.84083459404942,0.015461935516252523,0.012358241474017595
5.857522692889561,0.014688340320277361,0.013281630488220886
5.874210791729703,0.013842014790212234,0.014191247332978626
5.890898890569844,0.012955158739983336,0.015004781593259218
5.907586989409985,0.011964779138571632,0.015798258309791507
5.924275088250126,0.010948814788717988,0.01650920286934652
5.940963187090268,0.00993026122628974,0.017137162950197567
5.9576512859304085,0.008854074736632881,0.017756579973395713
5.97433938477055,0.0077400962326209435,0.018270459566521912
5.991027483610691,0.00658655534840994,0.018728809453045493
6.007715582450833,0.005427269738808199,0.01911611348615398
6.024403681290973,0.004265643807211849,0.019424291963789007
6.041091780131115,0.0031082205761118493,0.019641147671008243
6.057779878971256,0.001940926144495191,0.019821151072005484
6.0744679778113975,0.0007651396155153747,0.01991755680991818
6.091156076651538,-0.0004062366899636997,0.019977737222365146
6.10784417549168,-0.0015875873324486796,0.01994125840853086
6.124532274331821,-0.002750614607737506,0.019821914805697168
6.1412203731719615,-0.003875953172516351,0.019684281655532515
6.157908472012103,-0.005021305681542487,0.01950382767271633
6.174596570852244,-0.006145292634200105,0.019295434290306095
6.191284669692386,-0.0071871812744992904,0.01900449608214975
6.207972768532526,-0.008221199317957208,0.018665347721658204
6.224660867372668,-0.009250603082271916,0.01827409130924125
6.241348966212809,-0.010215523260037806,0.017852098802534373
6.25803706505295,-0.011153494875312914,0.017401930170113204
6.274725163893091,-0.012097090809627505,0.016876510166938825
6.291413262733233,-0.012901371807213237,0.01630852838419128
6.308101361573374,-0.013754735836824664,0.015680052120155115
6.324789460413515,-0.014572495165854744,0.01500974012262178
6.341477559253656,-0.01532170266563697,0.014302763045422294
6.358165658093798,-0.016001552321060094,0.013528091119525177
6.3748537569339385,-0.0166902650563346,0.012739037943674406
6.39154185577408,-0.01728901439412938,0.011857461744059687
6.408229954614221,-0.017872106545024857,0.01094561499827162
6.424918053454363,-0.018412588028996358,0.010025750766778162
6.441606152294503,-0.018916875855114836,0.009079786192756815
6.458294251134645,-0.019358915133041003,0.008112760924649043
6.474982349974786,-0.01972893445097394,0.00712413337502826
6.4916704488149275,-0.02005305880112648,0.006092370324945163
6.508358547655068,-0.020291909220226622,0.005052970742709123
6.52504664649521,-0.02054156408604943,0.004015858720167039
6.541734745335351,-0.020673122746199667,0.0029717248692773222
6.5584228441754915,-0.020734331348432167,0.0018633872219920421
6.575110943015633,-0.020745342201325106,0.0007894026834197903
6.591799041855774,-0.02071718948636497,-0.0002990211868430074
6.608487140695916,-0.020620989056867354,-0.001393779176557581
6.625175239536056,-0.020533422909166217,-0.0025118057420776673
6.641863338376198,-0.020347685326392695,-0.003583464938738532
6.658551437216339,-0.02009487061434575,-0.004651054028136483
6.6752395360564805,-0.01982977995347963,-0.005806656679089451
6.691927634896621,-0.019463799653591195,-0.00692737821985963
6.708615733736763,-0.019051894888628438,-0.00798728398237873
6.725303832576904,-0.01863051666907201,-0.009054482769679762
6.741991931417045,-0.018092371770070406,-0.010141751013925749
6.758680030257186,-0.017507029584000012,-0.011174898615012271
6.775368129097328,-0.016952040551265028,-0.01223199171633461
6.7920562279374685,-0.016313515329804455,-0.0132662499602251
6.80874432677761,-0.015622181102976406,-0.014211993001927815
6.825432425617751,-0.014890809458540877,-0.015133906551220745
6.842120524457893,-0.014124434044429455,-0.016002363988325136
6.858808623298033,-0.013312697589201413,-0.016852482932468334
6.875496722138175,-0.01250118151398289,-0.017647447628274245
6.892184820978316,-0.011652385521013124,-0.018402142175195594
6.9088729198184575,-0.010762155544522485,-0.019096416695379755
6.925561018658598,-0.009898084187852567,-0.019715495766452002
6.94224911749874,-0.008958548285172624,-0.020301992812597737
6.958937216338881,-0.008034576914624487,-0.02085042383238779
6.9756253151790215,-0.0071288373726729835,-0.02131879306152225
6.992313414019163,-0.006191508652910036,-0.02178297370472826
7.009001512859304,-0.005207770753337172,-0.02213826352738691
7.025689611699446,-0.004262442918143894,-0.022457817143155197
7.042377710539586,-0.0032603553487422017,-0.02274008285300294
7.059065809379728,-0.0022865800269472668,-0.022970656717468074
7.075753908219869,-0.0012823415840208874,-0.023141520589678756
7.0924420070600105,-0.00027904887135656834,-0.02327076098026323
7.109130105900151,0.0007676094821989936,-0.023333217874309992
7.125818204740293,0.0017670168387780433,-0.023349672738743
7.142506303580434,0.0027944676218336554,-0.02334610065820092
7.159194402420575,0.0038207092441358203,-0.023263016755324432
7.175882501260716,0.004835956506558797,-0.023167623313159847
7.192570600100858,0.005881350796452013,-0.023024896363195956
7.209258698940999,0.006908159567228388,-0.022829070440730355
7.22594679778114,0.007919993242749649,-0.022555897527211627
7.242634896621281,0.008910294631586027,-0.022285745795423195
7.259322995461423,0.00987409263601278,-0.02191765762781617
7.2760110943015635,0.010836892387770754,-0.02153302803427902
7.292699193141705,0.01180426501720062,-0.02111186666648365
7.309387291981846,0.012738279386495664,-0.020627779207043433
7.3260753908219876,0.013631963020003059,-0.02006277998432898
7.342763489662128,0.014524555678495643,-0.01955541755976402
7.35945158850227,0.015409048690610943,-0.018964432876724703
7.376139687342411,0.016257301328468296,-0.018333402039478225
7.3928277861825515,0.017096765331972436,-0.017698983922060842
7.409515885022693,0.017858474283678403,-0.016958222409543845
7.426203983862834,0.01860464505632741,-0.016215265422100666
7.442892082702976,0.01936792173591605,-0.015444441476420852
7.459580181543116,0.020029042332457808,-0.014640945589994276
7.476268280383258,0.020656447841706428,-0.013806658992534547
7.492956379223399,0.02129985267976721,-0.012937264939227575
7.5096444780635405,0.021855231838999765,-0.012028733103778723
7.526332576903681,0.02232318779552651,-0.011126841099891281
7.543020675743823,0.022843518710086757,-0.01023601513542341
7.559708774583964,0.023284302129861205,-0.009281184154935153
7.576396873424105,0.023663553905989263,-0.008324554530714746
7.593084972264246,0.024037910425095222,-0.007346455387598054
7.609773071104388,0.0243251031812184,-0.006377287386170537
7.626461169944529,0.024580462842397698,-0.0053849217729869
7.64314926878467,0.024825928308035327,-0.00440783428141288
7.659837367624811,0.024971563290837027,-0.003391767765252937
7.676525466464953,0.025073559307743448,-0.002375979639404784
7.6932135653050935,0.025180168187474542,-0.0013425787532787771
7.709901664145235,0.02516318909011217,-0.00034000292205420073
7.726589762985376,0.025102201825514908,0.0006786621797755419
7.743277861825518,0.025024667807957212,0.0016987189107433027
7.759965960665658,0.024873850024013683,0.0027348114575610474
7.776654059505799,0.024717792202694613,0.003749228217884937
7.793342158345941,0.024501560193925524,0.004734578053339388
7.810030257186082,0.02419864208769534,0.005703892513359976
7.826718356026223,0.023893618227392263,0.006653345772816925
7.843406454866364,0.0235407358540914,0.00763011355694578
7.860094553706506,0.023171639550451432,0.008562464485091816
7.8767826525466464,0.0227389064337911,0.009484753479974756
7.893470751386788,0.022261617817644273,0.010383848764152537
7.910158850226929,0.021704958753462875,0.01125923851039317
7.9268469490670705,0.021115868839704347,0.012134709226537815
7.943535047907211,0.02050752647500314,0.012961604116061795
7.960223146747353,0.01981952789505237,0.013784512056190381
7.976911245587494,0.01910627670511243,0.014574484518984283
7.993599344427635,0.018338041493169695,0.015313439623055003
8.010287443267776,0.017479128022071872,0.016054742359550716
8.026975542107918,0.016611168022402145,0.016759612716197882
8.04366364094806,0.01572381700382276,0.017439247677317013
8.0603517397882,0.014752509759482862,0.01807573278527
8.077039838628341,0.01372623764237369,0.01865403981204369
8.093727937468483,0.012696303765734157,0.01920400392202362
8.110416036308624,0.011606660003794744,0.019721987036080996
8.127104135148764,0.010509488875000111,0.020208504530536818
8.143792233988906,0.009435201355776418,0.02066983205989927
8.160480332829048,0.008314034575515319,0.021068466570334544
8.17716843166919,0.007139793447666407,0.021448906236223628
8.19385653050933,0.005983995053123571,0.021752027219920884
8.21054462934947,0.004841739040529371,0.02205474141587665
8.227232728189612,0.003681403106676717,0.022284385832293883
8.243920827029752,0.00256555669741663,0.02248216832281126
8.260608925869894,0.0014784233209366392,0.022625095678999823
8.277297024710036,0.0003318657631777669,0.022715994887687614
8.293985123550177,-0.0007756074199828206,0.02276805447962508
8.310673222390317,-0.0018598102485877551,0.02276362678869761
8.327361321230459,-0.0029738132062891156,0.022773398604951763
8.3440494200706,-0.004043459502376191,0.02267511175719852
8.360737518910742,-0.005106078168629876,0.022556014839221622
8.377425617750882,-0.006190214590610286,0.022394373783041086
8.394113716591024,-0.007267640787914582,0.022190738697779107
8.410801815431165,-0.008252462324608498,0.021965499846748136
8.427489914271307,-0.009262942174892158,0.021739521143857958
8.444178013111447,-0.010235211181391549,0.0213999882110227
8.460866111951589,-0.011196175394775333,0.021052763954566338
8.47755421079173,-0.0121133104000983,0.02066127868602925
8.494242309631872,-0.01300081118355582,0.020263431016708158
8.510930408472012,-0.013830364191168653,0.019830736471722964
8.527618507312154,-0.01464341190073074,0.019373217481667093
8.544306606152295,-0.015434542262873564,0.01884519158937075
8.560994704992437,-0.016197880367377484,0.018294824534085135
8.577682803832577,-0.016927645147860736,0.01773419008164816
8.594370902672718,-0.017605261772307833,0.0171469072074639
8.61105900151286,-0.018269508067281347,0.016597435582860687
8.627747100353,-0.01892750106081459,0.01599269559058783
8.644435199193142,-0.019563869256337203,0.015317533694937532
8.661123298033283,-0.020127250800766973,0.014632324705744465
8.677811396873425,-0.020674781803038066,0.013945050449145251
8.694499495713565,-0.021190531597416684,0.013220360494909404
8.711187594553707,-0.021709161107177185,0.012503344827617398
8.727875693393848,-0.02221931112572138,0.011727116478073972
8.74456379223399,-0.02265061780282483,0.010882369109122627
8.76125189107413,-0.02303328365637132,0.010073405562350556
8.777939989914271,-0.023352125164421794,0.009263712001857632
8.794628088754413,-0.023658389994368565,0.00841307332599121
8.811316187594555,-0.023980632893871756,0.007574339596525832
8.828004286434695,-0.024205921758826913,0.006726014433356845
8.844692385274836,-0.024364206099037153,0.005883970825883125
8.861380484114978,-0.02456748473115994,0.005014425207587602
8.87806858295512,-0.024739776152311186,0.004164391989430925
8.89475668179526,-0.02483987941515487,0.003355462264013289
8.911444780635401,-0.025004251432647166,0.0024666863057275137
8.928132879475543,-0.02513150867226097,0.0015857853417582603
8.944820978315684,-0.025207009217149075,0.0007200241612829036
8.961509077155824,-0.02523910432595851,-0.00012888881752257233
8.978197175995966,-0.025259981162298276,-0.0009862988279807719
8.994885274836108,-0.025251912304943593,-0.0018891155647674553
9.011573373676248,-0.025199559961705708,-0.0027738689920066423
9.02826147251639,-0.025068854687945195,-0.003653873448209404
9.04494957135653,-0.024988250887949114,-0.0045148460778769136
9.061637670196673,-0.02484243847779827,-0.0053312393515867465
9.078325769036812,-0.024653047093343365,-0.006156239502094353
9.095013867876954,-0.024459140125366086,-0.006975429031438638
9.111701966717096,-0.024242177127177664,-0.007818006118385833
9.128390065557237,-0.023961814826928853,-0.008638474423399042
9.145078164397377,-0.02368771147730226,-0.009421316300475512
9.161766263237519,-0.023387900416330057,-0.010187679280635785
9.17845436207766,-0.023098593387066182,-0.010965060264159256
9.195142460917802,-0.022772634327149377,-0.011728620091663566
9.211830559757942,-0.022386894790104486,-0.012481394288801287
9.228518658598084,-0.0219821392971517,-0.013226484292370578
9.245206757438226,-0.021576034752645086,-0.013931029495761195
9.261894856278367,-0.02111961931144522,-0.01461274271236052
9.278582955118507,-0.020597281610121584,-0.015311503306564217
9.295271053958649,-0.0201148949194042,-0.01600163250886061
9.31195915279879,-0.01957218098685674,-0.016650062590216758
9.328647251638932,-0.019013210854412533,-0.017307047229040258
9.345335350479072,-0.018433798172292768,-0.017896133783195718
9.362023449319214,-0.01782431489868103,-0.018459804542733202
9.378711548159355,-0.01718014889695051,-0.019033508687759708
9.395399646999497,-0.016586868187018742,-0.019560309404985023
9.412087745839637,-0.015887494587963624,-0.020079575375635397
9.428775844679778,-0.01522859700603954,-0.020546734244026595
9.44546394351992,-0.01455677094173304,-0.02098316565979845
9.46215204236006,-0.013861084749100352,-0.021415806407556685
9.478840141200202,-0.013132290359213428,-0.021871816787201397
9.495528240040343,-0.012418541834767793,-0.02227600832660928
9.512216338880485,-0.011662073662139782,-0.022655995716134573
9.528904437720625,-0.010875841551610779,-0.022964303090072316
9.545592536560767,-0.010109430287761928,-0.02329511910848309
9.562280635400908,-0.009309747523435935,-0.023618123794960443
9.57896873424105,-0.008516101010101008,-0.02395485266869882
9.59565683308119,-0.007697981957620712,-0.02422405305940798
9.612344931921331,-0.0068514024631565465,-0.02448282208391097
9.629033030761473,-0.005941980529991537,-0.0246995809451007
9.645721129601615,-0.005106044022187032,-0.024870525321554586
9.662409228441755,-0.004201059707798789,-0.02503258871476562
9.679097327281896,-0.0033455074983116933,-0.025095441423126034
9.695785426122038,-0.002460846837091181,-0.025134643745729705
9.71247352496218,-0.0015274848244262395,-0.025172706097800486
9.72916162380232,-0.0006423838510329742,-0.025146234151452198
9.745849722642461,0.0002386787218272436,-0.025143900393327086
9.762537821482603,0.001154483845381742,-0.025136299166356648
9.779225920322745,0.0020508695725836856,-0.025045016347136264
9.795914019162884,0.0029564350103985387,-0.024901831328516914
9.812602118003026,0.0038544641683103276,-0.02479272518080209
9.829290216843168,0.004748310188370559,-0.02461694092778619
9.845978315683308,0.005621196354485483,-0.024391661565666866
9.86266641452345,0.006536121653177351,-0.024160180462037203
9.879354513363591,0.007410948034703692,-0.023911058256307124
9.896042612203733,0.008320371605041154,-0.023626048467001868
9.912730711043872,0.009200171166882046,-0.02329907275159263
9.929418809884014,0.010062197576572306,-0.022924708825052605
9.946106908724156,0.010925280888573452,-0.022513867133950816
9.962795007564297,0.011801369529131186,-0.022044526041429778
9.979483106404437,0.01263350481644668,-0.021554700626573785
9.996171205244579,0.0134436738228898,-0.020998114853588233
10.01285930408472,0.014270945442402377,-0.020437566928339333
10.029547402924862,0.01501967034141889,-0.019836358527522267
10.046235501765002,0.015815086725912128,-0.01923251990854627
10.062923600605144,0.016549597110092452,-0.018519077650948828
10.079611699445286,0.017207780759131895,-0.01782186307947194
10.096299798285427,0.017902266779479124,-0.017082230481705506
10.112987897125567,0.018540183768701594,-0.01629170617675932
10.129675995965709,0.019161665983795297,-0.01549475268940151
10.14636409480585,0.01978478598625565,-0.014695962130890205
10.163052193645992,0.020391858608722523,-0.013884796767637002
10.179740292486132,0.020965451274746135,-0.01301760492000877
10.196428391326274,0.021536579179881464,-0.012129793980106114
10.213116490166415,0.022063159273002817,-0.011215675681699148
10.229804589006555,0.022516689393754917,-0.010289991603603492
10.246492687846697,0.022966704442884373,-0.009366890649550368
10.263180786686839,0.023365558536289542,-0.008413639409062786
10.27986888552698,0.02369760150851543,-0.007428897821122235
10.29655698436712,0.024030032590330347,-0.006418759941464652
10.313245083207262,0.024288590538153066,-0.0054111076835830635
10.329933182047403,0.0245036008348495,-0.004393335318468492
10.346621280887545,0.024688594113143024,-0.0033907167961298983
10.363309379727685,0.0248582241852101,-0.002364992577256279
10.379997478567827,0.024898223199233085,-0.0013467940453759175
10.396685577407968,0.024942491328300342,-0.0003419438209889151
10.41337367624811,0.02501389493257058,0.0006806690299156729
10.43006177508825,0.024935961353227894,0.001669340408789557
10.446749873928391,0.024864817300067107,0.0026876042393885417
10.463437972768533,0.02477537877280128,0.0036833313431032994
10.480126071608675,0.02457963220791275,0.004692804656379313
10.496814170448815,0.02439542477735107,0.005677630993390575
10.513502269288956,0.024152576216143237,0.00665036539548063
10.530190368129098,0.023879541106161667,0.007630918637206455
10.54687846696924,0.02359285784909602,0.008604874183543307
10.56356656580938,0.023272841596636135,0.009546169513142586
10.580254664649521,0.022907081628243602,0.010476892104797072
10.596942763489663,0.0225214193102891,0.011395394458952691
10.613630862329805,0.022104963372631643,0.012251478075877117
10.630318961169944,0.021625142377498914,0.013108926941864833
10.647007060010086,0.021141664551070485,0.013933422513849025
10.663695158850228,0.02065600052219485,0.014752621827115757
10.680383257690368,0.020105874660825786,0.015532204932056183
10.69707135653051,0.019522458788738862,0.016286098777931773
10.713759455370651,0.018917535472246682,0.017013986427614324
10.730447554210793,0.018274985830556124,0.017685193497925585
10.747135653050933,0.01761040877632187,0.01837741058445697
10.763823751891074,0.016957020852058163,0.019025837576097923
10.780511850731216,0.01625347946429545,0.01966161465087305
10.797199949571358,0.015478487983459055,0.020256198641488983
10.813888048411497,0.014716576928844132,0.02080583734154585
10.830576147251639,0.013879049837094466,0.021328842332717857
10.84726424609178,0.01301394039009423,0.021831357486418207
10.863952344931922,0.012180472938133121,0.022292048916651458
10.880640443772062,0.011272755908247696,0.02270861320601039
10.897328542612204,0.010358771222358476,0.023086624713446153
10.914016641452346,0.009433188379434874,0.023445754572484413
10.930704740292487,0.008496041591067448,0.02377216475565215
10.947392839132627,0.007545385349422358,0.0240235969570964
10.964080937972769,0.0066200212827023245,0.0242543343447431
10.98076903681291,0.005675032447059939,0.024453504865489327
10.997457135653052,0.004691650727504085,0.024625756239786505
11.014145234493192,0.0037324162212122093,0.02477725244325021
11.030833333333334,0.002792184862529199,0.02486805881249097
11.047521432173475,0.0017962635160483937,0.02491621433639035
11.064209531013615,0.000832706620422694,0.0249346804844536
11.080897629853757,-0.00017567983324731276,0.024929199989864675
11.097585728693899,-0.0011707774636121355,0.02489146074475632
11.11427382753404,-0.002136875371538141,0.024802480896020617
11.13096192637418,-0.0030947828088507424,0.024660223359574105
11.147650025214322,-0.0041004111378037155,0.024491542295241732
11.164338124054463,-0.005052327651628349,0.024258014337384965
11.181026222894605,-0.0060349739433579325,0.02402064081962426
11.197714321734745,-0.007001440892699633,0.023718313491740063
11.214402420574887,-0.0079017944850524,0.02336441195807711
11.231090519415028,-0.00882218889879585,0.023052325885097223
11.24777861825517,-0.009759712739594396,0.022647250670105694
11.26446671709531,-0.010653673122606335,0.022175101021232824
11.281154815935452,-0.011495924216799876,0.021715512202562678
11.297842914775593,-0.012299228704473454,0.021240482012160326
11.314531013615735,-0.013081762030578597,0.020732624477003168
11.331219112455875,-0.013890844194580688,0.02017098159621324
11.347907211296016,-0.01467169052750095,0.019658589286955665
11.364595310136158,-0.015421182822859618,0.019077974837291543
11.3812834089763,-0.016159466729143732,0.018445696437717252
11.39797150781644,-0.01691501317656229,0.01783394444535505
11.414659606656581,-0.017640390261878434,0.017185605235557094
11.431347705496723,-0.018351078071788957,0.016494135566488637
11.448035804336865,-0.01901118301822816,0.015758506580468064
11.464723903177005,-0.019643975382054195,0.014940908021641967
11.481412002017146,-0.020214850454947055,0.014190934351362105
11.498100100857288,-0.02078884628215304,0.013370560382549206
11.514788199697428,-0.021344953356333206,0.012548581485774195
11.53147629853757,-0.021834589905111595,0.011662398849782403
11.548164397377711,-0.022351837528301163,0.010796508045497286
11.564852496217853,-0.02282804663688882,0.009879155285340856
11.581540595057993,-0.023238171657402423,0.008964726966409662
11.598228693898134,-0.023635887243396905,0.008077565204456044
11.614916792738276,-0.023996806167698847,0.007165232875995783
11.631604891578418,-0.024271548940699463,0.0062066111069962624
11.648292990418557,-0.024526117685733068,0.00524567389875083
11.6649810892587,-0.024729292362077278,0.004274103811976996
11.68166918809884,-0.024870466486826028,0.0033126524845294965
11.698357286938982,-0.024999142594105576,0.0023544111862103495
11.715045385779122,-0.025064459058264103,0.001361892469115027
11.731733484619264,-0.025073751734969677,0.00035332064066039584
11.748421583459406,-0.025077562444039074,-0.0006328928748392385
11.765109682299547,-0.02507766541905607,-0.0016478281155916194
11.781797781139687,-0.02501708143375527,-0.002626357562816625
11.798485879979829,-0.024912081148018645,-0.0035884616318510414
11.81517397881997,-0.024791497768474408,-0.004573697666283906
11.831862077660112,-0.024641427594732753,-0.005539675612109273
11.848550176500252,-0.024432014901852952,-0.006511749307700733
11.865238275340394,-0.024223704799474024,-0.00746084483892175
11.881926374180535,-0.023951910339170962,-0.008345542803932935
11.898614473020675,-0.02365462923663183,-0.009240512524608583
11.915302571860817,-0.023306782771393208,-0.010165791317463205
11.931990670700959,-0.02293370710577972,-0.011045650137670893
11.9486787695411,-0.022556850363566777,-0.011897135623656858
11.96536686838124,-0.02217712144913736,-0.01273651182298397
11.982054967221382,-0.02171939366559048,-0.013575309447988845
11.998743066061524,-0.021273412295207166,-0.014398786019298842
12.015431164901665,-0.020771123148299365,-0.015195489427793835
12.032119263741805,-0.020208110332414746,-0.01596449844027586
12.048807362581947,-0.019652521232814878,-0.016714126456779787
12.065495461422088,-0.01908459646346497,-0.017430322959191454
12.08218356026223,-0.01846027143529736,-0.018096715908671998
12.09887165910237,-0.017851297296782243,-0.0187869751021925
12.115559757942512,-0.017181586040792663,-0.019442639659132573
12.132247856782653,-0.016511706407327117,-0.020077484198123954
12.148935955622795,-0.015806124949705545,-0.02068790541548141
12.165624054462935,-0.015106816976127318,-0.021239598721349385
12.182312153303076,-0.014384148586456277,-0.021801939513477954
12.199000252143218,-0.013625594365520842,-0.022304478339856357
12.21568835098336,-0.012851117592871174,-0.022745107199768223
12.2323764498235,-0.012058561514159922,-0.023203523262670254
12.249064548663641,-0.011263832477880016,-0.02359262485432838
12.265752647503783,-0.010456711399610807,-0.023980707425677823
12.282440746343923,-0.00962101867107924,-0.024372707835942243
12.299128845184065,-0.008780057652212809,-0.024680692558109438
12.315816944024206,-0.007940895650169125,-0.024982326880224056
12.332505042864348,-0.007023654808717417,-0.025236003815968022
12.349193141704488,-0.00614165790366189,-0.02543978707319429
12.36588124054463,-0.005266916910575283,-0.02559708651798916
12.382569339384771,-0.0043877558398609205,-0.02575841693908177
12.399257438224913,-0.003476377701276485,-0.02582984176951788
12.415945537065053,-0.002569994725391879,-0.02587932060065299
12.432633635905194,-0.0016306730326887205,-0.025872509792089222
12.449321734745336,-0.0007006926546467956,-0.025846347345466786
12.466009833585478,0.00021203932218620623,-0.025777453341658995
12.482697932425618,0.0011821516679820653,-0.025696847571424396
12.49938603126576,0.002098917742883497,-0.025565154038978438
12.5160741301059,0.003073943029834324,-0.02537626107091225
12.532762228946043,0.003980469416704824,-0.025187762537464964
12.549450327786182,0.004929844871863502,-0.024861324157229085
12.566138426626324,0.005776545358445814,-0.02458844413505046
12.582826525466466,0.006709753797107263,-0.02424346525126997
12.599514624306607,0.007618340281306404,-0.023920658245322638
12.616202723146747,0.008521808201784406,-0.02356821497884145
12.632890821986889,0.009441565518636518,-0.023148575709300567
12.64957892082703,0.01032769974727503,-0.022723465971385425
12.666267019667172,0.011204868862824251,-0.02227285868340271
12.682955118507312,0.012102736268512021,-0.021790489307881727
12.699643217347454,0.012977074445605197,-0.021255335281070688
12.716331316187595,0.013799861678847187,-0.020678181465918346
12.733019415027735,0.01467353714661407,-0.020055687047994732
12.749707513867877,0.015446040392469529,-0.019389946071965886
12.766395612708019,0.016215855945912547,-0.01871953845078977
12.78308371154816,0.016938244237864306,-0.017979064677732318
12.7997718103883,0.01764290389514302,-0.01726365662525936
12.816459909228442,0.018316760788546615,-0.016495647488985878
12.833148008068584,0.01893951875113598,-0.01564741491698697
12.849836106908725,0.019464450492006184,-0.014816851296772625
12.866524205748865,0.020017982665928583,-0.013992221344411658
12.883212304589007,0.020523937871412743,-0.013171693685318692
12.899900403429148,0.020970610711352238,-0.012322891249196366
12.91658850226929,0.021392957392797136,-0.011455951402586024
12.93327660110943,0.021794727977832835,-0.010566538103291417
12.949964699949572,0.022173190075069658,-0.00967582733663821
12.966652798789713,0.02254156511183025,-0.008753907102739086
12.983340897629855,0.022870451169213473,-0.007811034900095313
13.000028996469995,0.023151908232513098,-0.006854686712707743
13.016717095310137,0.023433968614711226,-0.005849648178101732
13.033405194150278,0.023672278511793793,-0.0048432254374825455
13.05009329299042,0.023848326212745914,-0.003839703344948346
13.06678139183056,0.02396171308536284,-0.0027835233445708063
13.083469490670701,0.024069399301793668,-0.001774628441258993
13.100157589510843,0.024078761364997592,-0.0007333742075477453
13.116845688350983,0.024086219752730068,0.00032031558185404086
13.133533787191125,0.024050587197652688,0.0013176832433818072
13.150221886031266,0.02391875888856248,0.00233444635621395
13.166909984871408,0.023792282901587213,0.0033629152563842686
13.183598083711548,0.023608458302587853,0.004362864795658315
13.20028618255169,0.023394537451291678,0.005341780920767782
13.216974281391831,0.023125102050881897,0.006306847982921816
13.233662380231973,0.02288217215824537,0.007248392942618268
13.250350479072113,0.022541410411162414,0.008208657304630097
13.267038577912254,0.022176755832655437,0.009113210625629139
13.283726676752396,0.021770850383192524,0.010027707615767312
13.300414775592538,0.02133261579269537,0.010935391870139881
13.317102874432678,0.020879471945607023,0.011824961113516467
13.33379097327282,0.02037903734541921,0.012697173281141798
13.350479072112961,0.01981641361801074,0.013543408198590725
13.367167170953103,0.01919914366714694,0.014380128321699525
13.383855269793242,0.018598325086219825,0.015195092333068053
13.400543368633384,0.017952964441154858,0.015965233380905063
13.417231467473526,0.01729216855222307,0.016690182164561335
13.433919566313667,0.01660326089714754,0.01737090326078181
13.450607665153807,0.01587101610319378,0.018025562315378135
13.467295763993949,0.015108913416758286,0.01865356390720129
13.48398386283409,0.014354770455009182,0.01926995624475731
13.50067196167423,0.013595051404565569,0.019797024118481613
13.517360060514372,0.012811494882807722,0.020329097310549504
13.534048159354514,0.012024511191660807,0.020785466748814194
13.550736258194656,0.011166323307821281,0.021255162021963654
13.567424357034795,0.01031994192262718,0.021701841543265
13.584112455874937,0.009491703717351243,0.02208304961530606
13.600800554715079,0.008629505918747834,0.022434003182498163
13.61748865355522,0.0077487788265644415,0.022736968014325072
13.63417675239536,0.006874597217285451,0.023000264843428743
13.650864851235502,0.005951602912620481,0.023260786112527673
13.667552950075644,0.005061622571357316,0.02346738851481557
13.684241048915785,0.004180552601310082,0.023639068675827338
13.700929147755925,0.003263360323886639,0.023748923261473865
13.717617246596067,0.00233033904528929,0.023865206209575187
13.734305345436209,0.001410019076188736,0.02391239435057785
13.75099344427635,0.0005197499201784705,0.023928514278263622
13.76768154311649,-0.00039160187093896726,0.023944782170441273
13.784369641956632,-0.0012552007684575508,0.023934665826652327
13.801057740796773,-0.0021528567208178077,0.023867003599050467
13.817745839636915,-0.003073765928786846,0.023734188676061863
13.834433938477055,-0.0039675017163534505,0.023603102567283096
13.851122037317197,-0.004868738354127216,0.023454492029804343
13.867810136157338,-0.005738122470493356,0.023239651768536058
13.88449823499748,-0.006585768304510332,0.022972773618693723
13.90118633383762,-0.0075016128157682415,0.022683269959400013
13.917874432677761,-0.008411423760235383,0.022326327083095992
13.934562531517903,-0.009267099123596512,0.021964691088514832
13.951250630358043,-0.010123179888885687,0.02160269683031847
13.967938729198185,-0.010956116927122844,0.021179889875082184
13.984626828038326,-0.011775465959860731,0.020739561186012733
14.001314926878468,-0.012569591691895131,0.020240252043835057
14.018003025718608,-0.013422497612047684,0.01977931785195936
14.03469112455875,-0.014102889449994998,0.019200995918535645
14.051379223398891,-0.014812957538357383,0.01864408381666569
14.068067322239033,-0.015546148728460732,0.018058840469057313
14.084755421079173,-0.01622714150651213,0.017437926241073105
14.101443519919314,-0.01690394174297268,0.016797927065771923
14.118131618759456,-0.017577894409770062,0.016178609962803847
14.134819717599598,-0.018148570804552542,0.015501158765908475
14.151507816439738,-0.018749093826189115,0.01484085275612256
14.16819591527988,-0.019394963476157902,0.014088150152471767
14.184884014120021,-0.019958051881042632,0.013384750804866742
14.201572112960163,-0.020465228119595155,0.012604876732583765
14.218260211800303,-0.021011287309200283,0.011844233238050247
14.234948310640444,-0.021499779346459504,0.011041127605338133
14.251636409480586,-0.021935076149645072,0.010185858110001505
14.268324508320728,-0.022364228150525405,0.009361954557104497
14.285012607160867,-0.022644074591928985,0.008469996019991337
14.301700706001009,-0.02305751760098602,0.007559405829049747
14.31838880484115,-0.023350259219676366,0.006651097846014817
14.33507690368129,-0.02366899103503031,0.005739519836410179
14.351765002521432,-0.02396081218554618,0.004808450847630195
14.368453101361574,-0.024107279735470125,0.003872197409951608
14.385141200201716,-0.024338398207576287,0.002948758804712444
14.401829299041855,-0.02447402894838629,0.002009196200252801
14.418517397881997,-0.02460120821976684,0.0011062790831274734
14.435205496722139,-0.02475882238039428,0.0002307076135392786
14.45189359556228,-0.024758801643974863,-0.000712898076021972
14.46858169440242,-0.024777412395581223,-0.0016391511135621956
14.485269793242562,-0.024757218291241955,-0.002577184222746355
14.501957892082704,-0.024716102920076567,-0.0035015249672176916
14.518645990922845,-0.0246446770414653,-0.004419588306662061
14.535334089762985,-0.024496347475395423,-0.005335287353013337
14.552022188603127,-0.02432481040086673,-0.006266306451463534
14.568710287443269,-0.024094396047921685,-0.007176885638103585
14.58539838628341,-0.02384255905863954,-0.008093442713649856
14.60208648512355,-0.0235398252215721,-0.008971621415637303
14.618774583963692,-0.023211483846475103,-0.009849704775492265
14.635462682803833,-0.022867114106216665,-0.010722038680692533
14.652150781643975,-0.02245681482349418,-0.01159467585811835
14.668838880484115,-0.02202018358225608,-0.012415603339133385
14.685526979324257,-0.02154114958956619,-0.013230984391902316
14.702215078164398,-0.021049782991498962,-0.014060643301471713
14.71890317700454,-0.020588921394701365,-0.014857681196948488
14.73559127584468,-0.020094920782251096,-0.015653903520645593
14.752279374684822,-0.01954566014887383,-0.01641477575826459
14.768967473524963,-0.018934868229529535,-0.01709475371335302
14.785655572365103,-0.01827250812279538,-0.017764697280943695
14.802343671205245,-0.01766726532766619,-0.01845130797936864
14.819031770045386,-0.017084248244365472,-0.019117971411146295
14.835719868885528,-0.01642057624788234,-0.019798070534872304
14.852407967725668,-0.015704425217629023,-0.020408180998664736
14.86909606656581,-0.014924837632264317,-0.0209432501153283
14.885784165405951,-0.014134179552283832,-0.02151484507458114
14.902472264246093,-0.013403414671323992,-0.022073693798919408
14.919160363086233,-0.012722554128563737,-0.022605806866744356
14.935848461926374,-0.011925630823641427,-0.02307982044480718
14.952536560766516,-0.011036979489938066,-0.02347880902792145
14.969224659606658,-0.010176596414762094,-0.023855236479496826
14.985912758446798,-0.009322441376287533,-0.02424181008366528
15.00260085728694,-0.008515932508248305,-0.02463080730166518
15.019288956127081,-0.0077133511853547596,-0.024996690819946626
15.035977054967223,-0.006821986433203487,-0.025285554786379713
15.052665153807363,-0.005836426848218032,-0.02547988269182393
15.069353252647504,-0.004958293152526612,-0.025690686720646786
15.086041351487646,-0.004043485510080703,-0.02593267781986092
15.102729450327788,-0.0031660214091388168,-0.02611666643286076
15.119417549167927,-0.0022608805363409914,-0.026230275208119193
15.13610564800807,-0.0012742621687184014,-0.026242066698406223
15.15279374684821,-0.0002688229159581966,-0.02622353714661407
15.16948184568835,0.0006263599666485665,-0.026246023760552455
15.186169944528492,0.0014965279194722216,-0.026252642317894308
15.202858043368634,0.002425671631639809,-0.026231135595910123
15.219546142208776,0.0033895602735507582,-0.026124192061199834
15.236234241048916,0.004396909381311678,-0.02594591590311813
15.252922339889057,0.005356029155047725,-0.02577196263801038
15.269610438729199,0.006179589945389638,-0.025658997994440838
15.28629853756934,0.007066259912524253,-0.025517340183172015
15.30298663640948,0.007982674482132766,-0.025295885305256907
15.319674735249622,0.00896012337298553,-0.0249235700878782
15.336362834089764,0.009913890603411303,-0.024569167309041063
15.353050932929905,0.010732852277286386,-0.02419999818255094
15.369739031770045,0.011470165965026275,-0.023904738757328493
15.386427130610187,0.012302755576743913,-0.0235482991671107
15.403115229450329,0.01315957219645092,-0.02309484482541523
15.41980332829047,0.014052862499442549,-0.022565691600335405
15.43649142713061,0.014919115084143243,-0.022017939048088343
15.453179525970752,0.015621418481470322,-0.021527413008346232
15.469867624810894,0.016232091240262383,-0.021013124072005743
15.486555723651035,0.016980434959014405,-0.02047945938894843
15.503243822491175,0.01776098420561747,-0.01982306927816766
15.519931921331317,0.01851799530096307,-0.019091512167430776
15.536620020171458,0.019173861530854545,-0.018418377970126232
15.553308119011598,0.019737674517538762,-0.01776098181607231
15.56999621785174,0.02025208280248766,-0.017129991286266584
15.586684316691882,0.020879310430842637,-0.01639496649437236
15.603372415532023,0.021481226961558714,-0.015576682215180198
15.620060514372163,0.022020483138967088,-0.01476338127062547
15.636748613212305,0.022480054252061316,-0.013979113276438616
15.653436712052446,0.022820669880926278,-0.01321398613850537
15.670124810892588,0.023180875436200878,-0.012446630506245874
15.686812909732728,0.023583959278240748,-0.011566205998597949
15.70350100857287,0.023940311041172117,-0.010669656380104132
15.720189107413011,0.024248203346724048,-0.009768918486078236
15.736877206253153,0.024498016655708964,-0.008884133245671699
15.753565305093293,0.024699081100966875,-0.008055678852482607
15.770253403933435,0.02491862075276033,-0.007150257449543725
15.786941502773576,0.025135976523549076,-0.006208921104983433
15.803629601613718,0.02530868471411691,-0.0052196877167535296
15.820317700453858,0.025421180221090776,-0.0042541313539314176
15.837005799294,0.02546139860702962,-0.0033240608156955473
15.853693898134141,0.025431223551676166,-0.0023820089647331394
15.870381996974283,0.02542908770763637,-0.001434495152578452
15.887070095814423,0.02543414872938284,-0.00042398155890003425
15.903758194654564,0.025308096826492495,0.0005757455412935544
15.920446293494706,0.025188619799955694,0.001528474772052404
15.937134392334848,0.025019664115097963,0.0024544554262803074
15.953822491174988,0.02482468257761809,0.0033896245506273423
15.97051059001513,0.024610340249078582,0.004330670679033624
15.98719868885527,0.02435318345823303,0.005266252615009438
16.00388678769541,0.02409437094765425,0.0062191740208000475
16.020574886535552,0.02375335595449023,0.007120488082104763
16.037262985375694,0.023435147214759387,0.007992087469942628
16.053951084215836,0.023056085495063685,0.00888661863713529
16.070639183055977,0.022646613428587974,0.009801169902468336
16.08732728189612,0.02221691117297415,0.010696701664365779
16.104015380736257,0.021709653072473585,0.01156682760101564
16.1207034795764,0.021152487239173623,0.012414133478038809
16.13739157841654,0.02060072053829608,0.013226548078345684
16.154079677256682,0.02003672719238697,0.014031926916573576
16.170767776096824,0.019401503648669362,0.014811449496310655
16.187455874936965,0.018765116613726443,0.01558779769527375
16.204143973777107,0.018109917828293895,0.01632994906328239
16.22083207261725,0.017403786056673858,0.01702925094067502
16.237520171457387,0.016743990355123965,0.017688033244308548
16.25420827029753,0.016053166586563083,0.01834611208723674
16.27089636913767,0.015282248675043906,0.01896419578174725
16.287584467977812,0.014569308106036415,0.019571055679409245
16.304272566817954,0.013815447026651042,0.020106651542437497
16.320960665658095,0.013047750857366236,0.02061207198322584
16.337648764498237,0.012260652669196575,0.021113420007100422
16.35433686333838,0.011495398117155177,0.021551046122823814
16.371024962178517,0.010634466298117439,0.02198496911779685
16.38771306101866,0.009799589962891792,0.0223897489169187
16.4044011598588,0.008989216765555825,0.022748530873291477
16.42108925869894,0.008119075764310894,0.023089954580985415
16.437777357539083,0.007238151298487833,0.023384213671640505
16.454465456379225,0.00634527339915082,0.023618854020229875
16.471153555219367,0.005428657914586244,0.023861397023553343
16.487841654059505,0.004549562196012698,0.02406919963096709
16.504529752899646,0.003684845039177983,0.0242095125361307
16.521217851739788,0.0027552513418605535,0.024374983893275633
16.53790595057993,0.0018711546204195518,0.024488145682296222
16.55459404942007,0.0009700714069602291,0.024550332058335785
16.571282148260213,3.403233558411464e-05,0.024638072576472658
16.587970247100355,-0.0008232032063584473,0.024670638660461784
16.604658345940496,-0.0016992117485330137,0.024669437940139306
16.621346444780634,-0.0025842420368338923,0.024625322792586245
16.638034543620776,-0.0034701519952887016,0.02453251882803469
16.654722642460918,-0.004334622176389292,0.024405075903848814
16.67141074130106,-0.005246996905872643,0.024289004252317854
16.6880988401412,-0.006100088609524331,0.0241345809190366
16.704786938981343,-0.006930282740201763,0.02396693562847409
16.721475037821484,-0.007796596460676594,0.02375178182873597
16.738163136661626,-0.008647253181561489,0.02350881904829394
16.754851235501764,-0.009468406463835599,0.023238521090555464
16.771539334341906,-0.01029476105021502,0.02293102314410637
16.788227433182048,-0.011066747585090774,0.022674377307439444
16.80491553202219,-0.011788527960618956,0.02232760327316134
16.82160363086233,-0.01254256080190815,0.02196988591829854
16.838291729702473,-0.013318419899189131,0.021578720140258602
16.854979828542614,-0.014051929989492892,0.021196683195389174
16.871667927382752,-0.01473968665206446,0.020802756074260544
16.888356026222894,-0.01538742162793516,0.02037159175637904
16.905044125063036,-0.016054215552947972,0.019887362667190038
16.921732223903177,-0.01670606925687897,0.019424595377631814
16.93842032274332,-0.0173449271649422,0.018902247767750572
16.95510842158346,-0.01796288429442061,0.018419062565820477
16.971796520423602,-0.018527899141500874,0.01789953227036075
16.988484619263744,-0.01909783066487594,0.01741535917387398
17.005172718103882,-0.019668201211409064,0.016858225621441666
17.021860816944024,-0.020226157149236704,0.01622003317502869
17.038548915784165,-0.020759060194316597,0.015664078822412147
17.055237014624307,-0.021185693575317254,0.01507670816547407
17.07192511346445,-0.0215626829327684,0.014450580149511782
17.08861321230459,-0.02200925040601556,0.013808778644234585
17.105301311144732,-0.022375219743423845,0.013135260754047147
17.121989409984874,-0.02272505525599513,0.01243482215984186
17.138677508825012,-0.02307475686473164,0.011807030444451637
17.155365607665154,-0.02337766659606054,0.011134635420248555
17.172053706505295,-0.023652754430267764,0.010462463884500436
17.188741805345437,-0.0239886685594298,0.009789187135580543
17.20542990418558,-0.024257017997749777,0.009111382364276726
17.22211800302572,-0.024550759613347017,0.008384441781994231
17.238806101865862,-0.02476974596128758,0.007698640119774222
17.255494200706,-0.02496249381511078,0.00698782858989045
17.27218229954614,-0.02511564364125517,0.006251788626348836
17.288870398386283,-0.02528056951112103,0.005480585017304899
17.305558497226425,-0.025415256843603656,0.004700211508477412
17.322246596066567,-0.02543557249181757,0.0039396508862294625
17.33893469490671,-0.025495779564224448,0.003181493551265593
17.35562279374685,-0.025537676166296923,0.002417493992039265
17.37231089258699,-0.0255173429390889,0.001620605080194271
17.38899899142713,-0.02550852286559915,0.0008527378282867266
17.40568709026727,-0.025439896997589303,9.044488275257426e-05
17.422375189107413,-0.02537560690990508,-0.0006606754011987967
17.439063287947555,-0.025205606635662223,-0.0014343731653081095
17.455751386787696,-0.025035278865831408,-0.0022033007380244662
17.472439485627838,-0.024841156360255537,-0.0029795088293470924
17.48912758446798,-0.024665634253639417,-0.003766863529364218
17.50581568330812,-0.02444326713369153,-0.004510323970164808
17.52250378214826,-0.024145616288034653,-0.005291014525657577
17.5391918809884,-0.023854974994992603,-0.006026534918725158
17.555879979828543,-0.023549048307197576,-0.006803976669856316
17.572568078668684,-0.023159600255513713,-0.007564828947761644
17.589256177508826,-0.022777074557534548,-0.008307668520115363
17.605944276348968,-0.02235176800356675,-0.009017882067379456
17.62263237518911,-0.021875261240732337,-0.009741359824023762
17.639320474029248,-0.021392515812942686,-0.010415953386066603
17.65600857286939,-0.020904425899350255,-0.011149909513281498
17.67269667170953,-0.02038100226356166,-0.011828172672384448
17.689384770549673,-0.019830626534731614,-0.012510578502184917
17.706072869389814,-0.01919272622041697,-0.013160567784884392
17.722760968229956,-0.018591295572505256,-0.013839631390929174
17.739449067070097,-0.017954657302920837,-0.01451412258660922
17.75613716591024,-0.017289053971017918,-0.015163418140582252
17.772825264750377,-0.016600299897005063,-0.015787624452208326
17.78951336359052,-0.015889004786235023,-0.016372541865532154
17.80620146243066,-0.01511620340594003,-0.016951746830603423
17.822889561270802,-0.014328178289772488,-0.017528673927336137
17.839577660110944,-0.013564553945906726,-0.01805811467047541
17.856265758951086,-0.012723085168840242,-0.018578236022331714
17.872953857791227,-0.011871864124781167,-0.01904856921656117
17.88964195663137,-0.0110112839775468,-0.0194783959007639
17.906330055471507,-0.010112363765154685,-0.019907057200119767
17.92301815431165,-0.009233563170968954,-0.02029163122356043
17.93970625315179,-0.008356339303233092,-0.020615841933752304
17.956394351991932,-0.0074545986340421345,-0.020884640374327433
17.973082450832074,-0.006543649882690272,-0.021135749012157545
17.989770549672215,-0.005616749813659246,-0.02136543067361621
18.006458648512357,-0.004640155025235269,-0.02155517874670215
18.023146747352495,-0.003657632290396411,-0.02172490490441336
18.039834846192637,-0.0027266437658022553,-0.021805193510098003
18.05652294503278,-0.0017340159863362215,-0.021858198714375558
18.07321104387292,-0.0007434095577166216,-0.02184426454988041
18.08989914271306,0.00023812184966030868,-0.021809993425378035
18.106587241553203,0.0012745173710777206,-0.021711290443279196
18.123275340393345,0.002263775659288478,-0.02158839898823872
18.139963439233487,0.003239465228733228,-0.021381391080429534
18.156651538073625,0.004276328966513296,-0.021163754990827306
18.173339636913767,0.005265898514903541,-0.02090395410017748
18.190027735753908,0.006290688697353403,-0.02057698590311627
18.20671583459405,0.0072996875238375515,-0.020195192988765015
18.22340393343419,0.00826606536269998,-0.019745171761998685
18.240092032274333,0.00921584820818787,-0.019221791866773752
18.256780131114475,0.010154011962384867,-0.018644516593930963
18.273468229954617,0.01106021134412816,-0.018052702846760974
18.290156328794755,0.011917342003339519,-0.017346409221106397
18.306844427634896,0.012759702674107002,-0.016655221165065452
18.323532526475038,0.013568742893471257,-0.01584850028853488
18.34022062531518,0.014364561536414085,-0.01500036353792009
18.35690872415532,0.015129316473160518,-0.01412170488671593
18.373596822995463,0.01582600353669319,-0.013203194359427779
18.390284921835605,0.01653151721279467,-0.01228224114518782
18.406973020675743,0.017165655170766677,-0.011257971132047167
18.423661119515884,0.017749669045599922,-0.010210430463050304
18.440349218356026,0.018323651641906438,-0.009141086723120516
18.457037317196168,0.018843704574315744,-0.008019467635747929
18.47372541603631,0.019280513450956018,-0.006895913827420676
18.49041351487645,0.019641172489415767,-0.005713740504903665
18.507101613716593,0.019965832075340015,-0.004496391028395757
18.523789712556734,0.020168799517476837,-0.003262847711273461
18.540477811396872,0.020341005056928842,-0.0020101531825471495
18.557165910237014,0.020448515880360577,-0.0007898308359117609
18.573854009077156,0.020433201391807945,0.00045825438397948163
18.590542107917297,0.02040362605476331,0.0017219429020408291
18.60723020675744,0.02031612542711254,0.003011490318631295
18.62391830559758,0.020116350471730264,0.004258505076459148
18.640606404437722,0.019852779445254366,0.005453222041181903
18.657294503277864,0.019560040513257885,0.006636459884802212
18.673982602118002,0.019133172255095327,0.007803343195266269
18.690670700958144,0.018610413067627916,0.008976501394273273
18.707358799798286,0.01806671390335442,0.010066961369225054
18.724046898638427,0.01749205956787622,0.011136574261705974
18.74073499747857,0.01683870875975985,0.012145147121424275
18.75742309631871,0.016164782485062208,0.013128462136154446
18.774111195158852,0.015398831996433127,0.014078375656046223
18.790799293998994,0.014603386383731213,0.014985874991498331
18.807487392839132,0.013758796351304848,0.01583538810072637
18.824175491679274,0.012850490845064075,0.01662916565345438
18.840863590519415,0.011908348352549706,0.01734524967561236
18.857551689359557,0.010939394887950938,0.01799977291749411
18.8742397881997,0.009902791944090291,0.01858904272051318
18.89092788703984,0.008796138943677406,0.019122220468989704
18.907615985879982,0.007697108799923379,0.019565946591154737
18.92430408472012,0.006539722409753393,0.019961507132802963
18.94099218356026,0.005333335007834901,0.02027943491741182
18.957680282400403,0.004153988252639403,0.02054089489520351
18.974368381240545,0.0029632220581900792,0.02069618587465365
18.991056480080687,0.0017122616699539804,0.02080802361707339
19.00774457892083,0.0004717024615860207,0.020818420390927996
19.02443267776097,-0.0007972753659938193,0.02078446838147099
19.04112077660111,-0.0020631129577535633,0.020617878031780935
19.05780887544125,-0.003354918298604378,0.020500767714848055
19.07449697428139,-0.004520810495607556,0.020255353691534597
19.091185073121533,-0.005762047129658462,0.019910566109553964
19.107873171961675,-0.0069242315910585115,0.019507758053911896
19.124561270801816,-0.008058239330786723,0.019071552495749933
19.141249369641958,-0.009166815264650149,0.018499435208273893
19.1579374684821,-0.01022170443485525,0.01791689620423245
19.17462556732224,-0.01125597417860862,0.017241651684674158
19.19131366616238,-0.012229879788049137,0.01649946035435004
19.20800176500252,-0.013180471763015374,0.01573166459938863
19.224689863842663,-0.01407465550580393,0.014932497152540485
19.241377962682805,-0.014888284070538917,0.014063844308861508
19.258066061522946,-0.01566870703068058,0.013154425672560031
19.274754160363088,-0.01634394135302262,0.012178771182491515
19.29144225920323,-0.01701181226866378,0.011194327602675535
19.308130358043368,-0.017560669765201365,0.010160793988669085
19.32481845688351,-0.018044736198637362,0.009093580809285524
19.34150655572365,-0.01848335380313257,0.007988613587436407
19.358194654563793,-0.018861516192657628,0.006849118788572881
19.374882753403934,-0.01916235407359549,0.005664021322435748
19.391570852244076,-0.019402728173286983,0.004490774596604192
19.408258951084218,-0.019536965429720346,0.0032697704998241725
19.42494704992436,-0.019598879639551953,0.0020350988177759884
19.441635148764497,-0.019614350606658296,0.0008280467395852077
19.45832324760464,-0.01954246169246169,-0.0004222903376749499
19.47501134644478,-0.019422070917370058,-0.0016870803144307378
19.491699445284922,-0.01921463122802031,-0.0029011627912029496
19.508387544125064,-0.018927090597072267,-0.004123065610027883
19.525075642965206,-0.018530330842972557,-0.005352362627119863
19.541763741805347,-0.01813971419172944,-0.006537923481415575
19.55845184064549,-0.01765733726085028,-0.007711360636133499
19.575139939485627,-0.0170787742479923,-0.008855308605280646
19.59182803832577,-0.016394765899280947,-0.009933909284076493
19.60851613716591,-0.01568134783190123,-0.010947719844565431
19.625204236006052,-0.014873583648963629,-0.011952380713326653
19.641892334846194,-0.014053315469133704,-0.012870187751729295
19.658580433686335,-0.01316708481002973,-0.01375794117939466
19.675268532526477,-0.012223979504804883,-0.014587223856061593
19.691956631366615,-0.011215187528414544,-0.015302105569272553
19.708644730206757,-0.01016350689991983,-0.015980151422298444
19.7253328290469,-0.009052621174233486,-0.016635642782022713
19.74202092788704,-0.007947280646507368,-0.017202766352104267
19.758709026727182,-0.006785338334187514,-0.01767650176617468
19.775397125567324,-0.0055812700238145494,-0.018072651807768
19.792085224407465,-0.004354261026260618,-0.018397019648137242
19.808773323247607,-0.0031128622496222162,-0.018681415505781188
19.825461422087745,-0.0018884914625324572,-0.018871373853127458
19.842149520927887,-0.0006524133999688304,-0.01897125970706453
19.85883761976803,0.0006087562265727894,-0.01899243361596006
19.87552571860817,0.0018332493242749655,-0.018902534444588788
19.89221381744831,0.0030554821287028396,-0.018734676522455092
19.908901916288453,0.004284970136644583,-0.018514026669719786
19.925590015128595,0.00545563360992543,-0.01819636876539343
19.942278113968737,0.0066308260431357634,-0.017854052152885103
19.958966212808875,0.00781338715682055,-0.017421712548166574
19.975654311649016,0.008916021402530245,-0.01693935433072947
19.992342410489158,0.010024412488723754,-0.01635803556411784
20.0090305093293,0.011056267968823075,-0.015720158553459034
20.02571860816944,0.01204215880432872,-0.015031095553253979
20.042406707009583,0.012968045460707026,-0.014273093988835065
20.059094805849725,0.013833611824395568,-0.013450883852480373
20.075782904689863,0.014619857835516623,-0.012604856561209367
20.092471003530004,0.015379913323151837,-0.011691713339331385
20.109159102370146,0.016102674326793083,-0.010729306611713015
20.125847201210288,0.016762902978010034,-0.009743362455971497
20.14253530005043,0.017378160472125714,-0.00873666795958395
20.15922339889057,0.017951967304754377,-0.007675977220681793
20.175911497730713,0.018420020658646258,-0.006563149711308643
20.192599596570854,0.018834947743701248,-0.005478585226302373
20.209287695410993,0.019190995046696968,-0.004332564594419826
20.225975794251134,0.01948863307012095,-0.003172828839158356
20.242663893091276,0.01966353246083377,-0.0019822279069091607
20.259351991931418,0.019824660092932576,-0.0008136310869079787
20.27604009077156,0.019862292741797485,0.00038786757090234766
20.2927281896117,0.019850994770871454,0.001566655214688108
20.309416288451843,0.019799006883638347,0.0027461885073407407
20.326104387291984,0.019638899777963525,0.003927493220635997
20.342792486132122,0.01942222849983868,0.005100991683395731
20.359480584972264,0.019131443314200445,0.0062349901934711785
20.376168683812406,0.01875271141678231,0.0073571581486569825
20.392856782652547,0.018332480049817166,0.008449026288429305
20.40954488149269,0.017885623969737682,0.009475242260526538
20.42623298033283,0.017335924004575218,0.010479551574757051
20.442921079172972,0.01673472400484235,0.01145119147367669
20.45960917801311,0.016144084202382128,0.01238844274085455
20.476297276853252,0.015445967565198341,0.013273504273504265
20.492985375693394,0.014729154271143225,0.01413113573870055
20.509673474533535,0.013971411487183083,0.014912696040511543
20.526361573373677,0.013131953387379627,0.015691417724776762
20.54304967221382,0.01226272889631098,0.01641703719166405
20.55973777105396,0.011318319896848646,0.017073296821840514
20.576425869894102,0.010330220869184087,0.017736432616477213
20.59311396873424,0.009307279567535982,0.018277036930132613
20.609802067574382,0.008246798423524871,0.01878004039784754
20.626490166414523,0.007162792036460681,0.019205071434657238
20.643178265254665,0.006103245635780313,0.019578153213840477
20.659866364094807,0.004969354941746725,0.019933255875236568
20.67655446293495,0.0038391870373060714,0.020182523895718726
20.69324256177509,0.0026546150205624896,0.020374547415072754
20.709930660615232,0.0014888581295222586,0.020513741928693756
20.72661875945537,0.0003474406475003816,0.020590240703968435
20.74330685829551,-0.0008563153347420509,0.020581260343305298
20.759994957135653,-0.0020118277717216184,0.020542834399530523
20.776683055975795,-0.003150544296849076,0.02043375752545109
20.793371154815937,-0.00431305568199059,0.02023519432282066
20.81005925365608,-0.005423444737399874,0.0200358880757238
20.82674735249622,-0.006483909683504139,0.0197283476592977
20.84343545133636,-0.0075573855214967145,0.019385434248028723
20.8601235501765,-0.008584631431678463,0.018968568944726434
20.87681164901664,-0.009612379623804202,0.018459678808037863
20.893499747856783,-0.010626445788110353,0.017906680426667827
20.910187846696925,-0.011585565120231643,0.017349942646914824
20.926875945537066,-0.012521770430495377,0.016674145266294092
20.943564044377208,-0.013417165139344971,0.01590477885122142
20.96025214321735,-0.014267812638563982,0.015123630414506982
20.976940242057488,-0.015053016514669212,0.014248842714646222
20.99362834089763,-0.015806196139353707,0.013288902674386545
21.01031643973777,-0.016502845733501467,0.012338043780515404
21.027004538577913,-0.017091628113909626,0.011298554701887367
21.043692637418054,-0.01765855244782716,0.010215376672308847
21.060380736258196,-0.018150212613420723,0.009088071648089537
21.077068835098338,-0.01857813804204899,0.00785141291841752
21.09375693393848,-0.01895904373830728,0.006708091424889552
21.110445032778618,-0.019293160291190305,0.005495632708765924
21.12713313161876,-0.019560849779678365,0.0042506788046980494
21.1438212304589,-0.019731512180216734,0.003001320760870873
21.160509329299042,-0.01981058827008581,0.0017300222782822337
21.177197428139184,-0.019848621450234347,0.0004370384509342436
21.193885526979326,-0.01981063348416289,-0.0008629371801317528
21.210573625819467,-0.019672698838715974,-0.002143096821335958
21.22726172465961,-0.019445076912743522,-0.0034478886507902646
21.243949823499747,-0.019098265694419532,-0.004742946006193861
21.26063792233989,-0.018721430911493916,-0.006013067117241434
21.27732602118003,-0.018289205306537833,-0.007251998510765444
21.294014120020172,-0.0177102221279845,-0.008458180516308181
21.310702218860314,-0.017121659629902843,-0.00963259399355093
21.327390317700456,-0.01641972648330481,-0.010790255097106547
21.344078416540597,-0.015672349939758846,-0.011894497135792693
21.360766515380735,-0.014892045795942888,-0.012920842857827061
21.377454614220877,-0.014040887251977715,-0.013922293799013238
21.39414271306102,-0.01313862723132316,-0.014830271753990572
21.41083081190116,-0.01220353266193816,-0.0156537965176274
21.427518910741302,-0.01117411311499289,-0.01640941198908341
21.444207009581444,-0.010136567666263249,-0.017071649012426957
21.460895108421585,-0.0090701764445056,-0.01769013653807928
21.477583207261727,-0.007907880726736254,-0.018221480216445807
21.494271306101865,-0.006772409925862963,-0.018663392341473517
21.510959404942007,-0.005614349940793523,-0.01900711245045053
21.52764750378215,-0.0044300106914413094,-0.019295869662728032
21.54433560262229,-0.003245464824021613,-0.01953805244114573
21.56102370146243,-0.001994101055172933,-0.01968973906295471
21.577711800302573,-0.0007509294457382707,-0.01978331062139433
21.594399899142715,0.0004641675458312276,-0.019820679389594465
21.611087997982857,0.0017336973012533796,-0.019725405092136623
21.627776096822995,0.0029629224759140462,-0.019576861760105337
21.644464195663137,0.004195766599581426,-0.019339042319051706
21.661152294503278,0.005434487863424361,-0.019030431674675358
21.67784039334342,0.0066306715386867275,-0.018663227817053304
21.69452849218356,0.007761277703835549,-0.018229774217860522
21.711216591023703,0.008894033443143505,-0.017684402758543504
21.727904689863845,0.00999009929308502,-0.01710198616995464
21.744592788703983,0.011038936134325395,-0.016428751364929477
21.761280887544125,0.012076726308199842,-0.015695735446879595
21.777968986384266,0.0130232700296409,-0.014916285779349791
21.794657085224408,0.013884634435560072,-0.014062860933559929
21.81134518406455,0.01471631366414484,-0.01314642816658732
21.82803328290469,0.015522094782632194,-0.012213415381012845
21.844721381744833,0.016250736420574473,-0.011225807750504097
21.861409480584975,0.016905152104520014,-0.010191514342382137
21.878097579425113,0.01745929691501302,-0.009137438930479727
21.894785678265254,0.017950312539200857,-0.008025868157032944
21.911473777105396,0.018405180651540023,-0.0069250183756349466
21.928161875945538,0.01879728167095436,-0.0057942061312968645
21.94484997478568,0.019106659051785296,-0.004669610053285926
21.96153807362582,0.019328136976636042,-0.0035131893330767614
21.978226172465963,0.01947413525458396,-0.002367067079406823
21.994914271306104,0.019539144619326657,-0.0011916391431364933
22.011602370146242,0.01957662615925513,-5.313437154308334e-05
22.028290468986384,0.01953142988896194,0.001087680802103873
22.044978567826526,0.019380066079748015,0.002185443266129637
22.061666666666667,0.01915596399017113,0.0033108192015690943
22.07835476550681,0.01883605655452397,0.004428214025160583
22.09504286434695,0.018460769946499193,0.005532112371438158
22.111730963187092,0.018051282210089344,0.006599912338373876
22.12841906202723,0.017531807671662743,0.007613093343751103
22.145107160867372,0.01690458290482084,0.008594552226231362
22.161795259707514,0.01622495695614248,0.0095463757899952
22.178483358547656,0.015475767844178345,0.010465208409284232
22.195171457387797,0.01466309351531093,0.0113295467662291
22.21185955622794,0.013838699536171468,0.01213372447602427
22.22854765506808,0.01291798686295551,0.012920968251416337
22.245235753908222,0.01186780954711893,0.01363111816126976
22.26192385274836,0.010803560376944993,0.014307441595441603
22.278611951588502,0.009658151559175135,0.014900247962220664
22.295300050428644,0.00849125974672345,0.015437093156863115
22.311988149268785,0.007274671599839387,0.01587504953028959
22.328676248108927,0.005998603920118347,0.016249568454826873
22.34536434694907,0.00463527119148364,0.016553452100971595
22.36205244578921,0.003285652773735997,0.016728371110464435
22.378740544629352,0.0019508782028969992,0.01684354422697618
22.39542864346949,0.0005778821361866733,0.016832419469320823
22.41211674230963,-0.0007895987045559649,0.016693850293422952
22.428804841149773,-0.0021812422382935163,0.0165074810675238
22.445492939989915,-0.0035734609535230744,0.01624535055944724
22.462181038830057,-0.004951960926237562,0.01591404857982134
22.4788691376702,-0.006237705631329383,0.015450278505869207
22.49555723651034,-0.007561672786386584,0.01489633881104056
22.512245335350478,-0.008862763211069493,0.014270480550579362
22.52893343419062,-0.010053648588416895,0.013581527795750148
22.54562153303076,-0.011230175667988975,0.012823842021350788
22.562309631870903,-0.01233599424569784,0.011991001815560742
22.578997730711045,-0.013300025634212558,0.011049796033424975
22.595685829551186,-0.014267208207896464,0.010054948700647081
22.612373928391328,-0.015151121609579064,0.009039514175547637
22.62906202723147,-0.015907610234934914,0.00797696954814656
22.645750126071608,-0.0166035592135633,0.006846163550715514
22.66243822491175,-0.017208255028235146,0.005664206825668822
22.67912632375189,-0.01769949796398093,0.004427603812311944
22.695814422592033,-0.018135632221211076,0.0031750651832482737
22.712502521432175,-0.018493546934133836,0.001903262710862834
22.729190620272316,-0.018695091959634345,0.0006324784579697643
22.745878719112458,-0.018873794871794865,-0.0006553521805829463
22.7625668179526,-0.018912043122243788,-0.0019868098704219055
22.779254916792738,-0.018904585623024533,-0.003302487193550538
22.79594301563288,-0.01878757438061235,-0.004625088609444332
22.81263111447302,-0.018590714144373587,-0.005882251073961293
22.829319213313163,-0.01826166652876864,-0.007125072440946275
22.846007312153304,-0.01785819529082101,-0.008344495729173786
22.862695410993446,-0.017415644951718587,-0.009541188604404057
22.879383509833588,-0.01685100306860692,-0.010726240661764273
22.89607160867373,-0.016274927557406182,-0.011846064831724845
22.912759707513867,-0.015599058131242186,-0.012908175213011984
22.92944780635401,-0.014849296144302344,-0.013968522936947251
22.94613590519415,-0.0140822785160392,-0.014946758844194748
22.962824004034292,-0.013310841045529143,-0.015871455353167287
22.979512102874434,-0.01244204470742932,-0.016754963839579234
22.996200201714576,-0.011530205368423082,-0.01755879285100616
23.012888300554717,-0.01055083022087932,-0.018309352050023087
23.029576399394855,-0.00952880491161357,-0.019011914412813854
23.046264498234997,-0.008502106228735705,-0.019622343038314855
23.06295259707514,-0.007473036356260574,-0.020122565663867605
23.07964069591528,-0.0063826129677536664,-0.020579797905958094
23.096328794755422,-0.005245942400212897,-0.02099168428138643
23.113016893595564,-0.004084946254866572,-0.02127704051206961
23.129704992435705,-0.002903001567794464,-0.021537395058918732
23.146393091275847,-0.0017944632421780823,-0.02173064947545154
23.163081190115985,-0.0006098213406372786,-0.021813962775750362
23.179769288956127,0.0005813417745329782,-0.021916105653360964
23.19645738779627,0.0017506563843890488,-0.021930586452686064
23.21314548663641,0.0029396911192029604,-0.021897232337025237
23.229833585476552,0.004122683377385972,-0.021751661800026783
23.246521684316694,0.005244427725862186,-0.021567714951105474
23.263209783156835,0.0064300071886118785,-0.02132466370607003
23.279897881996977,0.007621329747095618,-0.02099649315228175
23.296585980837115,0.008732824369991659,-0.02062022203539748
23.313274079677257,0.00988184143058099,-0.020174498624117375
23.3299621785174,0.01095695935909611,-0.019627941921959
23.34665027735754,0.012018474342580944,-0.018990684571726358
23.36333837619768,0.013073957576386722,-0.018346514585279774
23.380026475037823,0.014114215708759531,-0.017654602999862386
23.396714573877965,0.015081636890799936,-0.01686630121790337
23.413402672718103,0.016028792988289853,-0.016065130061184506
23.430090771558245,0.01695787181217343,-0.015193217325859036
23.446778870398386,0.017807409967618443,-0.014257325173428684
23.463466969238528,0.018668497745621324,-0.013296525421352248
23.48015506807867,0.019418102995921612,-0.012281246576639477
23.49684316691881,0.020138898581960628,-0.011224847158679968
23.513531265758953,0.020783634935278853,-0.01008645079991232
23.530219364599095,0.02133740293547985,-0.008922232439540134
23.546907463439233,0.02182770766629428,-0.007757484289504294
23.563595562279374,0.022337575628958297,-0.006526951372764423
23.580283661119516,0.02270789213529884,-0.005438704899551001
23.596971759959658,0.022956827525750602,-0.00422527547666009
23.6136598587998,0.02320893795404285,-0.0030309688239758153
23.63034795763994,0.023402964013453525,-0.0018353955549759665
23.647036056480083,0.023525494336716236,-0.0006656442182558095
23.663724155320224,0.023593378551762783,0.00048555750068263745
23.680412254160363,0.023577434717375553,0.0016296620344615083
23.697100353000504,0.02351286869793861,0.002832091606702212
23.713788451840646,0.023417045449107922,0.003956798991699896
23.730476550680788,0.02327512990180483,0.005073788282419197
23.74716464952093,0.022997540162821045,0.0061438783923579415
23.76385274836107,0.022724255882811274,0.007176051317091351
23.780540847201213,0.02233920755358003,0.008259550346190027
23.79722894604135,0.021927139228877904,0.009310984121837656
23.813917044881492,0.02151133911680301,0.010305826049055104
23.830605143721634,0.021014027263069047,0.011237843432999148
23.847293242561776,0.020443287662708365,0.012172468116690972
23.863981341401917,0.01987643910295732,0.013066838424733156
23.88066944024206,0.019270261168088162,0.013966924345078614
23.8973575390822,0.01861311809025558,0.014821472724368592
23.914045637922342,0.017934763904852456,0.015565071256604187
23.93073373676248,0.01723704033498656,0.01629294983499614
23.947421835602622,0.016425930718514826,0.016999943658954873
23.964109934442764,0.015626998073640284,0.01766937394888401
23.980798033282905,0.014840098511695744,0.018305238619311454
23.997486132123047,0.013948130100166307,0.01890735004060795
24.01417423096319,0.013093947483047387,0.01941739564947353
24.03086232980333,0.012174822025933788,0.01994398241096319
24.047550428643472,0.011202478981098971,0.02042741872118016
24.06423852748361,0.01022874553169625,0.020875844910530985
24.080926626323752,0.009272399578862705,0.021262792384283264
24.097614725163893,0.008277860109662678,0.021587937013928752
24.114302824004035,0.007268510989860089,0.021921171014238315
24.130990922844177,0.006217593652533919,0.02217012837531597
24.14767902168432,0.005144920676148917,0.022370532436154462
24.16436712052446,0.004055511337464009,0.022552775078218863
24.1810552193646,0.0030296528269958822,0.022703152064229844
24.19774331820474,0.0019240795529257147,0.022785766661996176
24.21443141704488,0.0008020966629784628,0.022820576963166087
24.231119515885023,-0.00030273809394080895,0.022860285832597773
24.247807614725165,-0.001457264518340793,0.02282596582952278
24.264495713565307,-0.0025742550840370327,0.022763996297127727
24.281183812405448,-0.0036847709809085393,0.02266670684748965
24.29787191124559,-0.00484376653540016,0.02252894482965855
24.314560010085728,-0.005997904626918403,0.02232443552786723
24.33124810892587,-0.007149783835081978,0.022125145923711856
24.34793620776601,-0.008260048744105814,0.021883487536496226
24.364624306606153,-0.009442853173845727,0.021621126593285404
24.381312405446295,-0.01040429439658475,0.021284349393953635
24.398000504286436,-0.011496548747640556,0.02095018896736018
24.414688603126578,-0.012510263129938158,0.020529566727719772
24.43137670196672,-0.013374209146752938,0.020115110130342426
24.448064800806858,-0.014302095754326675,0.019644027332460543
24.464752899647,-0.0151772379458663,0.019201297937751445
24.48144099848714,-0.015979646671722723,0.018680474591109435
24.498129097327283,-0.016802886856733007,0.01820012551551012
24.514817196167424,-0.017552761341222876,0.01765325443786982
24.531505295007566,-0.018254866898125145,0.01709534049609475
24.548193393847708,-0.018908036102842616,0.01651426148427559
24.564881492687846,-0.019562886703271314,0.015954538266076734
24.581569591527987,-0.020164385255635752,0.015402064982048881
24.59825769036813,-0.020779753616792598,0.014799792854376626
24.61494578920827,-0.021346120102233187,0.014184272285138315
24.631633888048412,-0.021852901764890277,0.013578048367464337
24.648321986888554,-0.022369388808683013,0.012934881419576098
24.665010085728696,-0.022889416360007825,0.012314621251132188
24.681698184568837,-0.023315238904472332,0.011632769371816492
24.698386283408976,-0.023723392405452497,0.011004741143477787
24.715074382249117,-0.02414761106807389,0.010325590662938006
24.73176248108926,-0.024558487754652296,0.009688432597323143
24.7484505799294,-0.024820172693705535,0.008980887741615096
24.765138678769542,-0.025157536665454578,0.008305144458034437
24.781826777609684,-0.02545577369659395,0.007594921904905078
24.798514876449826,-0.025752350712377386,0.006895237959510983
24.815202975289967,-0.02603141629361619,0.0062490513327684676
24.831891074130105,-0.026291388992113626,0.0055667216139902945
24.848579172970247,-0.026527370278262137,0.004865003001457844
24.86526727181039,-0.026789126476816204,0.00418368130454572
24.88195537065053,-0.02696276363892813,0.0034598713740049913
24.898643469490672,-0.027109285521523276,0.0027614578635557657
24.915331568330814,-0.027271135004249443,0.002093725244944766
24.932019667170955,-0.02736721861678437,0.0014170251779743153
24.948707766011093,-0.02744571827744904,0.0007118763240558132
24.965395864851235,-0.027536427968114247,3.019787038401643e-05
24.982083963691377,-0.027583125253295097,-0.000654125842824181
24.99877206253152,-0.027645153696857067,-0.001332346490923026
25.01546016137166,-0.02766504574477895,-0.0019711659929170316
25.0321482602118,-0.027655749553203504,-0.002682247594706958
25.048836359051943,-0.027599944256563994,-0.0033843649091847535
25.065524457892085,-0.027597628303221176,-0.004042669870718247
25.082212556732223,-0.027508199755036926,-0.004708231626935248
25.098900655572365,-0.027369246967574725,-0.005377421890632593
25.115588754412506,-0.0272786339994525,-0.0060631453833753235
25.132276853252648,-0.027117390856369036,-0.006738602189578081
25.14896495209279,-0.02694805143586554,-0.007451525246642113
25.16565305093293,-0.026792765851350014,-0.008104474236692742
25.182341149773073,-0.02659461772473506,-0.00879266038177382
25.199029248613215,-0.026354851121997327,-0.009459479934171646
25.215717347453353,-0.026122495520233067,-0.010136748269327454
25.232405446293495,-0.025823947249091,-0.010834008692596082
25.249093545133636,-0.02552158184661444,-0.01152443809269102
25.265781643973778,-0.025211943966951374,-0.0121418683282956
25.28246974281392,-0.024852491926168528,-0.01277264351523742
25.29915784165406,-0.024481396500495207,-0.013406650056105316
25.315845940494203,-0.02410559576745315,-0.014023459984502334
25.332534039334345,-0.023704753674073886,-0.014659668007074089
25.349222138174483,-0.023276953988853023,-0.015265535626232743
25.365910237014624,-0.022828879883621422,-0.01583033491279601
25.382598335854766,-0.02234785758008569,-0.016392455054524014
25.399286434694908,-0.02185897228674394,-0.016965341569507315
25.41597453353505,-0.021378661183394054,-0.017530451015276994
25.43266263237519,-0.020845550609760826,-0.0180810445116963
25.449350731215333,-0.0202949334697579,-0.01865011034476983
25.46603883005547,-0.019763311393559427,-0.0191710013025884
25.482726928895612,-0.019155867449207033,-0.019698442937092088
25.499415027735754,-0.01854732388535807,-0.02024572640207091
25.516103126575896,-0.017923387877999984,-0.020757055463995422
25.532791225416037,-0.01724478348867489,-0.021207493135321196
25.54947932425618,-0.01656053441237713,-0.021648551751797956
25.56616742309632,-0.01585120852238275,-0.022077622356502485
25.582855521936462,-0.015108782656839332,-0.022535919351303967
25.5995436207766,-0.014400034855407874,-0.022944072102788763
25.616231719616742,-0.013654881979090119,-0.023311978058810634
25.632919818456884,-0.012864722946893689,-0.02367147537625765
25.649607917297025,-0.012093514884032777,-0.023998041934370943
25.666296016137167,-0.011304807035078145,-0.024260785706874215
25.68298411497731,-0.010469511152133822,-0.024543899428429106
25.69967221381745,-0.009651878155032496,-0.024805814105731756
25.716360312657592,-0.008848050429026677,-0.02500722761415723
25.73304841149773,-0.007989208359955924,-0.025164663258975276
25.749736510337872,-0.007120202453014121,-0.025349182253054936
25.766424609178014,-0.006275204309655325,-0.02553393413390125
25.783112708018155,-0.005346262678488218,-0.02567416428895142
25.799800806858297,-0.004454455379554505,-0.025821738275822344
25.81648890569844,-0.003553767226621185,-0.025891402490733587
25.83317700453858,-0.0025785853703939386,-0.02597685158190149
25.84986510337872,-0.0016785545571870366,-0.02600840362184872
25.86655320221886,-0.0007102707186623266,-0.02596180941565556
25.883241301059,0.00027640604376535477,-0.025861347240943834
25.899929399899143,0.001219092298142576,-0.02579221641892462
25.916617498739285,0.002185920929698902,-0.025658273005257866
25.933305597579427,0.003144309551338728,-0.025446162914597923
25.94999369641957,0.004105842043913395,-0.025249335073861262
25.96668179525971,0.005066418567724802,-0.025052098917048113
25.983369894099848,0.006019558967970684,-0.02475156464468205
26.00005799293999,0.006945990257314903,-0.024471919328154953
26.01674609178013,0.007885447362332999,-0.024190577442005697
26.033434190620273,0.00880107220375924,-0.023835210252807715
26.050122289460415,0.009666841618856406,-0.023412885532060484
26.066810388300556,0.010606529595621916,-0.023037416315205374
26.083498487140698,0.01146388087533721,-0.022588649067269376
26.10018658598084,0.012305733996085451,-0.022059169424985068
26.116874684820978,0.013149848917682318,-0.02149837325464116
26.13356278366112,0.013974182387970898,-0.020977107526331654
26.15025088250126,0.014750245571777976,-0.02037801365469446
26.166938981341403,0.015543996864411068,-0.019746992742628835
26.183627080181544,0.016312166769929356,-0.019088832983811095
26.200315179021686,0.01703675711752635,-0.01837957275824409
26.217003277861828,0.017737299156047846,-0.017653964210409386
26.233691376701966,0.018424095536058397,-0.016922324242218123
26.250379475542108,0.01901777234894056,-0.016160888274166268
26.26706757438225,0.01960941739574041,-0.015362648690577187
26.28375567322239,0.02018869358394246,-0.014522329161011675
26.300443772062533,0.020695864526712893,-0.013684367460942318
26.317131870902674,0.02123416762481655,-0.012835342176355676
26.333819969742816,0.021705912450413315,-0.011999360451802098
26.350508068582958,0.022129212592334753,-0.011102093895674858
26.367196167423096,0.022524790239374724,-0.010264917553108694
26.383884266263237,0.022882516409311986,-0.009301364960534091
26.40057236510338,0.023176394152806964,-0.008424175850972722
26.41726046394352,0.023520298091228315,-0.007481231655113583
26.433948562783662,0.02372082148372399,-0.0065848409094384115
26.450636661623804,0.023929394382870398,-0.005619568165625456
26.467324760463946,0.02410485226464836,-0.00464508069818243
26.484012859304087,0.024234580846178015,-0.003700949692963783
26.500700958144225,0.02429574168537034,-0.0027166900179101654
26.517389056984367,0.024328861632931825,-0.0017432552676764652
26.53407715582451,0.024314959251666636,-0.000791454469934389
26.55076525466465,0.024268896414499277,0.00017061299434253718
26.567453353504792,0.024183340205113337,0.0011273474557698872
26.584141452344934,0.024070819101682142,0.002095678388736562
26.600829551185075,0.02387921354557324,0.0030410210110101746
26.617517650025214,0.023710665249612226,0.003932261606122704
26.634205748865355,0.023474705519376773,0.004893480380813855
26.650893847705497,0.023223144866696896,0.00579145606781354
26.66758194654564,0.022952113881909604,0.0067287526496272124
26.68427004538578,0.02267956088820563,0.007631808448077844
26.700958144225922,0.02231747206950553,0.008528201120994021
26.717646243066064,0.0219490299106301,0.009422134958223862
26.734334341906205,0.021583566641098687,0.01031307893198919
26.751022440746343,0.021165124837638917,0.011183050303875832
26.767710539586485,0.020752921697856027,0.012029928962011513
26.784398638426627,0.020276957624231175,0.01283019982235399
26.80108673726677,0.01974643313023429,0.013622063533923392
26.81777483610691,0.019227365546206836,0.014395079575118524
26.83446293494705,0.018672403369148927,0.015136848687144547
26.851151033787193,0.018078400547060808,0.0158821953731273
26.867839132627335,0.01750407802007846,0.016566417163456925
26.884527231467473,0.016861367650281678,0.01720418455350581
26.901215330307615,0.016216350262984878,0.017836327525750595
26.917903429147756,0.015585601875299962,0.018424400128655802
26.934591527987898,0.014919701641803488,0.019022455112000076
26.95127962682804,0.014234753479185406,0.019621661316189795
26.96796772566818,0.013547623450063715,0.02015575238301491
26.984655824508323,0.012826867934932453,0.020690900984929813
27.00134392334846,0.012049712406720233,0.021184818752159034
27.018032022188603,0.011313805906625318,0.02166462204388912
27.034720121028744,0.01056446343728912,0.022138078117839705
27.051408219868886,0.009735841158436294,0.02258090270071325
27.068096318709028,0.008919627615781458,0.022998994169408368
27.08478441754917,0.008077212158838472,0.023364716989079527
27.10147251638931,0.007223448628212793,0.023707017800180186
27.118160615229453,0.0063679473906360735,0.024007534180512744
27.13484871406959,0.005495501693208494,0.024255395216188257
27.151536812909733,0.00458738294752112,0.024477320450151198
27.168224911749874,0.003692379143777751,0.02464051968492528
27.184913010590016,0.002797512601358753,0.024811045364891513
27.201601109430158,0.0019040004710448402,0.024973035320178624
27.2182892082703,0.0010282924688943442,0.02507387885273305
27.23497730711044,0.00014430230560038724,0.02513641005095332
27.251665405950583,-0.0007585590198755808,0.02521388193496182
27.26835350479072,-0.0016385296229357998,0.025239719794563686
27.285041603630862,-0.0025112453278411605,0.02524876017522638
27.301729702471004,-0.0033877423256726243,0.025240884250329634
27.318417801311146,-0.004285634451019063,0.025220644312952005
27.335105900151287,-0.00516742872924021,0.025172281285073525
27.35179399899143,-0.006063998342675391,0.025073093751778665
27.36848209783157,-0.006929566952773582,0.02496243976845385
27.385170196671712,-0.007756320940791184,0.024804980586257793
27.40185829551185,-0.008600662915081436,0.0245959249807591
27.418546394351992,-0.009456580299209393,0.024364837859566803
27.435234493192134,-0.01025116326552028,0.024132654427193475
27.451922592032275,-0.01103412685677353,0.02388238781354818
27.468610690872417,-0.0117940135310829,0.023595456205712614
27.48529878971256,-0.012520589628300164,0.023246379439817288
27.5019868885527,-0.013270696891890307,0.022887728364398202
27.51867498739284,-0.014092086942182398,0.022516322025069452
27.53536308623298,-0.014787758516426393,0.022124529132145583
27.552051185073122,-0.015422914526781621,0.02174685163329453
27.568739283913263,-0.01608090514843473,0.02129554316492186
27.585427382753405,-0.01671641567695206,0.020815547367947558
27.602115481593547,-0.0174138662886259,0.020373123016893917
27.61880358043369,-0.018165820663181814,0.01988919373907301
27.63549167927383,-0.018740243594662788,0.019372239353881916
27.652179778113968,-0.01938197562829922,0.01883480321319103
27.66886787695411,-0.019993286531578922,0.01827511763293496
27.68555597579425,-0.02056413119552077,0.017687556082856045
27.702244074634393,-0.02113643936306995,0.017111788322171473
27.718932173474535,-0.0216471680000131,0.016531405405272627
27.735620272314677,-0.022112013103106214,0.015888434432563988
27.752308371154818,-0.022530741108457902,0.015250717914093492
27.76899646999496,-0.02299482869457228,0.01455470231572796
27.785684568835098,-0.023285683562652974,0.013927592112918037
27.80237266767524,-0.023729657793288898,0.013214164252178624
27.81906076651538,-0.024079246686736562,0.01255391694463934
27.835748865355523,-0.02439300450134603,0.011846496953982696
27.852436964195665,-0.024752244468427338,0.011127345465371585
27.869125063035806,-0.025113453589376215,0.010362459964268182
27.885813161875948,-0.025346788194115812,0.009628554218337184
27.902501260716086,-0.02561496168734871,0.008887477851189485
27.919189359556228,-0.025757175297340236,0.0081230862338308
27.93587745839637,-0.02600091060607964,0.007285599484080627
27.95256555723651,-0.026147934028703253,0.006459046620585088
27.969253656076653,-0.026222607519549006,0.005642275081483355
27.985941754916794,-0.02630260970074865,0.004820784288774369
28.002629853756936,-0.02638367791962894,0.003964575683200461
28.019317952597078,-0.026368853920757062,0.0031389349623407023
28.036006051437216,-0.02632148999184912,0.002311518447310735
28.052694150277357,-0.02634369433984818,0.0014753730599884522
28.0693822491175,-0.026214248724333516,0.0006528488302867422
28.08607034795764,-0.02607676949290849,-0.00015471797831431654
28.102758446797782,-0.025946402091789774,-0.0010015997224729885
28.119446545637924,-0.025795133203794188,-0.001867894136600307
28.136134644478066,-0.02560240304390637,-0.002703274475020137
28.152822743318207,-0.02542402031930333,-0.0036061596764789725
28.169510842158346,-0.025205850966898202,-0.004501887255952886
28.186198940998487,-0.024905610601986882,-0.005340336123678933
28.20288703983863,-0.024545252246329165,-0.006226060486522023
28.21957513867877,-0.02419578943189735,-0.007130131483518405
28.236263237518912,-0.02376715802169189,-0.008013503663936676
28.252951336359054,-0.023306037256493165,-0.00889486685597589
28.269639435199196,-0.022793267682398113,-0.009743692650716057
28.286327534039334,-0.022214011660116356,-0.0105411808763834
28.303015632879475,-0.021566941869091187,-0.01132157776863659
28.319703731719617,-0.020995277878455912,-0.012146948728355879
28.33639183055976,-0.020314004634418827,-0.01293670018344575
28.3530799293999,-0.019644862509931565,-0.013667246931216709
28.369768028240042,-0.018901304173159432,-0.014423760577575665
28.386456127080184,-0.0181394339605878,-0.015175333173410103
28.403144225920325,-0.017381241801014278,-0.015902252965524916
28.419832324760463,-0.016606365693648442,-0.0165509018254371
28.436520423600605,-0.01576507024012562,-0.017255080623888905
28.453208522440747,-0.014894322875962929,-0.017882293798766945
28.46989662128089,-0.013945141013924314,-0.018466295180629665
28.48658472012103,-0.012961006196930904,-0.019036431798788573
28.50327281896117,-0.011961743705791991,-0.01954037433026764
28.519960917801313,-0.010964381728714653,-0.02001329571759259
28.536649016641455,-0.009851668942497336,-0.020434616284661408
28.553337115481593,-0.008730520071030493,-0.020796176888053238
28.570025214321735,-0.007578176531623413,-0.021096816880795444
28.586713313161876,-0.006385056576352118,-0.021338203744074195
28.603401412002018,-0.00523599137763017,-0.021511954117974186
28.62008951084216,-0.004054704035969543,-0.021644105109117528
28.6367776096823,-0.002820176266611532,-0.021696391325659627
28.653465708522443,-0.0016172019161827553,-0.02170930558510196
28.67015380736258,-0.0004178761276910659,-0.021646986081182023
28.686841906202723,0.0007650440024397421,-0.02154800301358842
28.703530005042865,0.0019033602150537628,-0.02137712597117062
28.720218103883006,0.003061215590524357,-0.021147303250407697
28.736906202723148,0.004213229215546085,-0.020852686990047442
28.75359430156329,0.00533216546821833,-0.02053719267605609
28.77028240040343,0.006463802119168844,-0.02017136216993104
28.786970499243573,0.007560653945537664,-0.01978207727474275
28.80365859808371,0.008613818568448287,-0.01931715433552982
28.820346696923853,0.009683664992400597,-0.01882534192914135
28.837034795763994,0.010731155791347199,-0.01826242952237718
28.853722894604136,0.011697318355165133,-0.017634254660544416
28.870410993444278,0.01266053807809299,-0.01697830890758963
28.88709909228442,0.013576795108195793,-0.016261234976275154
28.90378719112456,0.014451108248476664,-0.015503618558679277
28.920475289964703,0.015289601590535423,-0.014650770601609466
28.93716338880484,0.016049589542698514,-0.013752121685294756
28.953851487644982,0.016738358077531663,-0.012807158871916136
28.970539586485124,0.017333793533898356,-0.011826470043660801
28.987227685325266,0.017923287015235382,-0.01083391048959322
29.003915784165407,0.018442461100153403,-0.009747928994082845
29.02060388300555,0.01894059738124532,-0.008646510494387924
29.03729198184569,0.01936343266343266,-0.007521983670060579
29.05398008068583,0.019694245592381504,-0.006391777733857321
29.07066817952597,0.020026406354792668,-0.005214951650326981
29.087356278366112,0.02027875458839761,-0.004036322963790978
29.104044377206254,0.020503851762528398,-0.002800593273943617
29.120732476046395,0.020667458479833062,-0.0015542868143097986
29.137420574886537,0.020768010871478712,-0.000307087298764472
29.15410867372668,0.020771314736673204,0.0009250818475626297
29.17079677256682,0.02071668463881665,0.002128395314501256
29.18748487140696,0.02057991040092489,0.0033464654260640884
29.2041729702471,0.020394414621416997,0.004522700520321466
29.220861069087242,0.020115785187155108,0.00567958699923912
29.237549167927384,0.019783589958626082,0.006747853228084477
29.254237266767525,0.01936507868670894,0.007802809698874978
29.270925365607667,0.018928137849279644,0.00881297263959863
29.28761346444781,0.01840770063197604,0.009835190072633285
29.30430156328795,0.017815935954606524,0.010798685075608152
29.32098966212809,0.017201876832670146,0.011700723208415508
29.33767776096823,0.016527310348562373,0.012547189897370564
29.35436585980837,0.015819725741788866,0.013371340901294907
29.371053958648513,0.01507603753355562,0.014150726525057347
29.387742057488655,0.014319324223735757,0.014904235909671871
29.404430156328797,0.013467203080602331,0.015578745620128223
29.42111825516894,0.012594407647841435,0.016223296151031002
29.43780635400908,0.011684454740550533,0.016834581891258235
29.454494452849218,0.010725260963270014,0.017407328945564238
29.47118255168936,0.00975993630527699,0.0179119263463561
29.4878706505295,0.008762948526390745,0.018391824746031567
29.504558749369643,0.007717843733269157,0.01880373942523503
29.521246848209785,0.0066763447470737074,0.019121250510080717
29.537934947049926,0.005595942537981057,0.019439784603704262
29.554623045890068,0.0044922868609520205,0.01966074458472649
29.571311144730206,0.00339979347254667,0.019860750912300162
29.587999243570348,0.0023196734488625604,0.020012275175287055
29.60468734241049,0.0011959062533670175,0.02007730875875975
29.62137544125063,8.834538244998357e-05,0.020052560464519475
29.638063540090773,-0.0009879635717242577,0.01998008072174739
29.654751638930914,-0.002060480837851493,0.019850879620444177
29.671439737771056,-0.0031345748877891163,0.019693558248527827
29.688127836611198,-0.004173790914732686,0.01947650094932625
29.704815935451336,-0.005223841979897953,0.019204364520743172
29.721504034291478,-0.006230875293066869,0.018880514309106467
29.73819213313162,-0.0072261711045364845,0.01857379453606949
29.75488023197176,-0.008226014500085633,0.01816922174609871
29.771568330811903,-0.009193489487241427,0.01775121639354997
29.788256429652044,-0.010130658905620288,0.017254105706190966
29.804944528492186,-0.011071951424153676,0.016722883812978855
29.821632627332328,-0.012015636104758327,0.016148019792883734
29.838320726172466,-0.012870443688986526,0.015540496642310279
29.855008825012607,-0.013739773727164842,0.014888050602165406
29.87169692385275,-0.014581426478808081,0.014201643869646879
29.88838502269289,-0.01535523000850226,0.013435898468560569
29.905073121533032,-0.016081794367058835,0.012616833033755085
29.921761220373174,-0.016814033749726058,0.011791227701073857
29.938449319213316,-0.017459134710168,0.01089734276439213
29.955137418053454,-0.01803307636372353,0.01001108753836121
29.971825516893595,-0.018590685043324003,0.009084757042196695
29.988513615733737,-0.019055210776342542,0.008109298450990648
30.00520171457388,-0.01947213742803246,0.007139262782109661
30.02188981341402,-0.019871581777726896,0.006143556234509185
30.038577912254162,-0.020211367142062404,0.0051358778384666065
30.055266011094304,-0.02052808637039406,0.004124241401164487
30.071954109934445,-0.0207647044973968,0.0030959455017147398
30.088642208774584,-0.02096237405012002,0.002095429873247407
30.105330307614725,-0.021064955600496007,0.0011048132058355984
30.122018406454867,-0.02119690446667394,4.6592011513049774e-06
30.13870650529501,-0.021253876038491423,-0.0010281603012372216
30.15539460413515,-0.021254975918124273,-0.002122412824317778
30.172082702975292,-0.021169602241779474,-0.00316787620059474
30.188770801815433,-0.02102068886466659,-0.004254415377694723
30.205458900655575,-0.020830476988153625,-0.005335318038968363
30.222146999495713,-0.02059540751227867,-0.006367731289329529
30.238835098335855,-0.02028423399875264,-0.007428357646987699
30.255523197175997,-0.019912398323359202,-0.008420686498239658
30.27221129601614,-0.019491895473244474,-0.009435039637979894
30.28889939485628,-0.01897028131084794,-0.010439668418997308
30.30558749369642,-0.018472485386980805,-0.011403735482542166
30.322275592536563,-0.017883218978534322,-0.01233627228282716
30.3389636913767,-0.017267828131280548,-0.013241756639277598
30.355651790216843,-0.016597217645945187,-0.01412126968526402
30.372339889056985,-0.015839997784783014,-0.014976247546724861
30.389027987897126,-0.015079793159048643,-0.015756992378895364
30.405716086737268,-0.014303309972350083,-0.016497720435602364
30.42240418557741,-0.013467653598194195,-0.01719554237157123
30.43909228441755,-0.012573914080026258,-0.01785698451533225
30.455780383257693,-0.011655912671966754,-0.018503612451840328
30.47246848209783,-0.010731682639969068,-0.0190634086653161
30.489156580937973,-0.009740626215067901,-0.019604096236912595
30.505844679778114,-0.00871802597743225,-0.020060058360186647
30.522532778618256,-0.00767515888669735,-0.020491255752794205
30.539220877458398,-0.006595629505740789,-0.02085367419203268
30.55590897629854,-0.00547374172040891,-0.021159965007350897
30.57259707513868,-0.004383225707672491,-0.02143796889213117
30.589285173978823,-0.0032266255097995614,-0.021639948752575345
30.60597327281896,-0.0020932757618136438,-0.021803944505006046
30.622661371659103,-0.0009365578947510733,-0.021919915246408628
30.639349470499244,0.00023591136518124668,-0.02198297507215368
30.656037569339386,0.0013775601460343785,-0.021951689099059733
30.672725668179528,0.0025716421396252283,-0.021840235540678928
30.68941376701967,0.0037422461877796884,-0.02167063688999174
30.70610186585981,0.004845774587868603,-0.02146385845082425
30.72278996469995,0.00597037190430204,-0.02117678009100545
30.73947806354009,0.007102414826311425,-0.02082421573382481
30.756166162380232,0.008211109125487028,-0.02041211539564662
30.772854261220374,0.009281929742021484,-0.01993810385489989
30.789542360060516,0.01037291582306865,-0.019375941237683474
30.806230458900657,0.011361225826928742,-0.01873813144709697
30.8229185577408,0.012398899895490622,-0.018095897373663003
30.83960665658094,0.013408089468083858,-0.01736884301050499
30.85629475542108,0.014339653377745395,-0.01659230964956997
30.87298285426122,0.015274703369824694,-0.015796196868008948
30.889670953101362,0.016152952642932063,-0.014921059679536657
30.906359051941504,0.01695591715976331,-0.01402206881437649
30.923047150781645,0.017732095939860824,-0.013041740786225536
30.939735249621787,0.01860059100042848,-0.011968207956723672
30.95642334846193,0.01915079240361711,-0.010954228559726668
30.97311144730207,0.019729803114341048,-0.0098981820508408
30.98979954614221,0.02023670606176636,-0.008754708617930236
31.00648764498235,0.02069757405334328,-0.007577120315581851
31.02317574382249,0.021160199629430387,-0.00639526627218936
31.039863842662633,0.021505602836692787,-0.0052289971969039966
31.056551941502775,0.021760256670294194,-0.004030685065206628
31.073240040342917,0.021992128788815762,-0.0028640667617057633
31.08992813918306,0.022142878637285132,-0.0016328538837476379
31.106616238023197,0.022253401519403092,-0.00038459454335673014
31.123304336863338,0.02227990864982489,0.0008199143296506039
31.13999243570348,0.02220072397802009,0.001966641379659135
31.15668053454362,0.022048829123280246,0.0031310963418371336
31.173368633383763,0.02186259648213659,0.004363415137141673
31.190056732223905,0.02160046268689679,0.005522998180511595
31.206744831064047,0.021257690183992085,0.006638032020090205
31.223432929904188,0.02084211166000156,0.007767500859526261
31.240121028744326,0.02039933320131978,0.008872640453292823
31.256809127584468,0.01983319702123373,0.009891203536204306
31.27349722642461,0.019216081095196826,0.01089731054950321
31.29018532526475,0.018613589438211127,0.011859050793445505
31.306873424104893,0.017859170662131003,0.012802920507120487
31.323561522945035,0.01711534010299192,0.013637317428410548
31.340249621785176,0.01628494288325183,0.014480536116276244
31.356937720625318,0.015402537006318794,0.015210701137125342
31.373625819465456,0.014492209072978306,0.015975444049267692
31.390313918305598,0.013585713706735834,0.01664608990120054
31.40700201714574,0.012610053067237493,0.017272279874512443
31.42369011598588,0.011614823977399453,0.017838166914617426
31.440378214826023,0.01054812479566578,0.01836630353556583
31.457066313666164,0.009481948705357101,0.01883038536638453
31.473754412506306,0.008385181432547087,0.019315244566930557
31.490442511346444,0.007274116750237319,0.019674781667953598
31.507130610186586,0.006090624566336567,0.020025848501600427
31.523818709026727,0.004895278741299963,0.020270418735405485
31.54050680786687,0.0036732006754334186,0.020502112241874915
31.55719490670701,0.0024279073993895795,0.020630634442110368
31.573883005547152,0.00118375665940474,0.020722522556741164
31.590571104387294,-2.2185959212367764e-05,0.020729125664487317
31.607259203227436,-0.0012474598507775162,0.02064077780378427
31.623947302067574,-0.002478590560354891,0.02053138281715125
31.640635400907716,-0.003698194829745797,0.020298481511771074
31.657323499747857,-0.004863503598959445,0.020047580727465934
31.674011598588,-0.006041903100187124,0.019714697440954842
31.69069969742814,-0.007130763808168637,0.019308841989018888
31.707387796268282,-0.0082225647018594,0.01887708259523067
31.724075895108424,-0.009291104259115515,0.01837354583621
31.740763993948566,-0.010266893966478797,0.01782720768708548
31.757452092788704,-0.011229403870921252,0.01720531823872182
31.774140191628845,-0.01215328797508284,0.016616505621633824
31.790828290468987,-0.013032182774490463,0.01589011615165462
31.80751638930913,-0.01384930677256709,0.015129688369983879
31.82420448814927,-0.01464564146394915,0.014332526846373003
31.840892586989412,-0.015431300624035665,0.013502543293996297
31.857580685829554,-0.016158250913129942,0.012610735930287425
31.874268784669695,-0.016850910098132322,0.011685659410232066
31.890956883509833,-0.017484716958831043,0.010709064678549656
31.907644982349975,-0.018095112436478315,0.009648558739308631
31.924333081190117,-0.018646688384730672,0.008556044134097366
31.94102118003026,-0.01913792850452901,0.007501789147450606
31.9577092788704,-0.019607113766542072,0.006390991147710702
31.97439737771054,-0.020022053804719345,0.005253857612597484
31.991085476550683,-0.020365967185561367,0.004055531483120825
32.00777357539082,-0.0206370520520717,0.002897749402634309
32.02446167423096,-0.020901184455833482,0.0017494612426253331
32.041149773071105,-0.021091472103726125,0.000574594437564025
32.05783787191125,-0.02120094108832928,-0.0005651973151078664
32.07452597075139,-0.021265398641244788,-0.001690397983782594
32.09121406959153,-0.02125320971899105,-0.002835891887321641
32.10790216843167,-0.02121290648864613,-0.003956302786628222
32.12459026727181,-0.021157696786317615,-0.0050597307987897
32.141278366111955,-0.021031545053786748,-0.006164861465841038
32.157966464952096,-0.0208287123923876,-0.0072544865707258694
32.17465456379224,-0.020544330585343377,-0.008316750265817624
32.19134266263238,-0.020205598705674014,-0.00936924568532111
32.208030761472514,-0.0198581295155922,-0.010393506646434325
32.224718860312656,-0.019487614280575088,-0.011403279868011363
32.2414069591528,-0.01900636931681177,-0.012377540813830657
32.25809505799294,-0.018450910284688198,-0.01334174672859537
32.27478315683308,-0.017912092659291647,-0.01426436653160106
32.29147125567322,-0.01728362346938088,-0.01516387234013907
32.308159354513364,-0.016635821478591627,-0.015999439773695973
32.324847453353506,-0.01595874620343224,-0.016794079608210364
32.34153555219365,-0.015201336789632302,-0.017560186944580967
32.35822365103379,-0.01440075362372271,-0.01829641037930038
32.37491174987393,-0.013538779210463078,-0.01894642904166519
32.39159984871407,-0.01267560333399722,-0.01956302021428555
32.408287947554214,-0.011793012468461095,-0.020170550985610273
32.424976046394356,-0.0108833576260043,-0.020704680016492262
32.4416641452345,-0.009940482075655394,-0.021208934686054077
32.45835224407463,-0.008911472043982382,-0.021625870801741352
32.475040342914774,-0.007883326380252546,-0.02200180375237526
32.491728441754915,-0.006807047960227849,-0.022342697337882057
32.50841654059506,-0.005783391279153991,-0.022663151138301075
32.5251046394352,-0.004706390961324069,-0.02290538234642539
32.54179273827534,-0.0036102784147499616,-0.02309551562675389
32.55848083711548,-0.002491642508240338,-0.023251438253709806
32.575168935955624,-0.0013910957820460065,-0.023336808390202045
32.591857034795765,-0.00026389624788263397,-0.02341457019069929
32.60854513363591,0.0008114872329964499,-0.023431590290963197
32.62523323247605,0.0018652740321077718,-0.023375112680852045
32.64192133131619,0.002970466920558985,-0.02331003880076096
32.65860943015633,0.004042269178771557,-0.02317919299600058
32.675297528996474,0.00509939146774638,-0.023026150070628366
32.691985627836615,0.006145721687159902,-0.02277901611481807
32.70867372667676,0.007158095372456654,-0.022577215640784815
32.72536182551689,0.008123983092822027,-0.022287605515631914
32.74204992435703,0.009124984559599947,-0.021961873390933202
32.758738023197175,0.0100775450912079,-0.021600228447026335
32.77542612203732,0.011024133439858851,-0.021204287739797392
32.79211422087746,0.011950451302747517,-0.020774704030501957
32.8088023197176,0.01283172442686448,-0.020306157365720494
32.82549041855774,0.013722112011029087,-0.019803860444578946
32.84217851739788,0.014582771314849929,-0.019251281175249813
32.858866616238025,0.015410075827306594,-0.018677043173350873
32.87555471507817,0.01622258243128473,-0.018057562646381246
32.89224281391831,0.01699857575340581,-0.017403042673883456
32.90893091275845,0.017730189099931116,-0.01672226206434165
32.92561901159859,0.018435902836319698,-0.016018129464031607
32.94230711043873,0.019121401482270494,-0.015278399864939585
32.958995209278875,0.019753015665980915,-0.014524957317978421
32.97568330811901,0.02035920243826571,-0.013734764639138083
32.99237140695915,0.020948656428405574,-0.012967787733125492
33.00905950579929,0.02145206912031376,-0.012164904604370872
33.025747604639434,0.02191921061541686,-0.011345095815709937
33.042435703479576,0.022391095572322866,-0.010544699644178403
33.05912380231972,0.02282984800365504,-0.009699924001827514
33.07581190115986,0.023159095658913012,-0.008869282741801012
33.0925,0.02355046555431171,-0.008012440114215253
33.10918809884014,0.02389700383791293,-0.007144343470567245
33.125876197680284,0.024185626939751036,-0.006247427775311724
33.142564296520426,0.024443791938222197,-0.0053573730793328505
33.15925239536057,0.024669303907967875,-0.004425135188697947
33.17594049420071,0.024886909927679154,-0.003477280558062822
33.19262859304085,0.025092504014720705,-0.002532000977924735
33.20931669188099,0.025200531111048783,-0.0015727125145280354
33.22600479072113,0.025247814051554105,-0.0006262055362851114
33.24269288956127,0.02527809676029835,0.0003405082862907772
33.25938098840141,0.02525710465802142,0.0012871662374201623
33.27606908724155,0.025226923076923077,0.0022645918676983735
33.292757186081694,0.025159204013854686,0.003188964047006496
33.309445284921836,0.024982268244575934,0.004111449817497573
33.32613338376198,0.024751640247090968,0.005014767695195863
33.34282148260212,0.02459331710871755,0.0058745962559827655
33.35950958144226,0.02439125042201964,0.006759278213124366
33.3761976802824,0.02418617217732126,0.007626507302171255
33.392885779122544,0.023897937389158762,0.00845402979613197
33.409573877962686,0.023577737354862856,0.00928628923932568
33.42626197680283,0.023237905486492287,0.01009626289703373
33.44295007564297,0.02291302388809729,0.010899512674967757
33.45963817448311,0.02253643818008555,0.011726943668786797
33.47632627332325,0.022164219941534148,0.012506501168202601
33.49301437216339,0.021742837664808376,0.013259157979102007
33.50970247100353,0.021288594113885808,0.014007248599677726
33.52639056984367,0.02076184759520559,0.014743243311586504
33.54307866868381,0.02031403681788297,0.015440924492995507
33.55976676752395,0.019775971466233108,0.01610111352750414
33.576454866364095,0.01924162495363318,0.016760659031710118
33.59314296520424,0.018671420155279273,0.017361650470196284
33.60983106404438,0.018067804206456154,0.017928162816281627
33.62651916288452,0.01746288896093954,0.018494429583997548
33.64320726172466,0.01690290867502138,0.019028347242596222
33.6598953605648,0.01629936411931937,0.01955301959091646
33.676583459404945,0.0156816305245596,0.020016376028085897
33.69327155824509,0.015072292077580539,0.02041187906348163
33.70995965708523,0.014392562430032018,0.020851642431122405
33.72664775592537,0.013703898510737325,0.02123074069764865
33.743335854765505,0.013041163536142092,0.021632011395408084
33.760023953605646,0.012314239429155263,0.021972651211752004
33.77671205244579,0.011565695209594407,0.02229756058854203
33.79340015128593,0.010799058509585532,0.022568142430426163
33.81008825012607,0.010013283967951503,0.022831305898215942
33.82677634896621,0.009191695114550149,0.023089994563293383
33.843464447806355,0.008414031763952572,0.023307045946093514
33.860152546646496,0.007614124419794088,0.023503632344273717
33.87684064548664,0.006743934469399736,0.023687650403314175
33.89352874432678,0.005904925237911422,0.023866945250849154
33.91021684316692,0.005088062330569895,0.024026245400283225
33.92690494200706,0.004227154125374558,0.02416712974485649
33.943593040847205,0.003394485574780875,0.024303148651890902
33.960281139687346,0.0025349074907812384,0.024440983209701853
33.97696923852749,0.0016700477659241323,0.02453681880526338
33.99365733736762,0.0008153316432267123,0.024609611990109487
34.010345436207764,-2.2895267557850645e-05,0.024653477256817675
34.027033535047906,-0.0008726496176196309,0.024674881166631146
34.04372163388805,-0.001743407872716038,0.024674478271571935
34.06040973272819,-0.00258396431752956,0.024642353580027507
34.07709783156833,-0.0034591635215404154,0.024562146102204658
34.09378593040847,-0.0042913788254178116,0.024478155684181664
34.110474029248614,-0.005112004436144499,0.02434118294426202
34.127162128088756,-0.005954913563058357,0.024216457181163064
34.1438502269289,-0.00678681990248018,0.02401077295564038
34.16053832576904,-0.0075566862974327026,0.023813307070312113
34.17722642460918,-0.008350431707104547,0.023586830864989656
34.19391452344932,-0.009128773466742996,0.02330728544078454
34.210602622289464,-0.009875758478761858,0.023030919258779047
34.227290721129606,-0.010635348228639091,0.022725062754699366
34.24397881996975,-0.011368317117156823,0.022415328143422255
34.26066691880988,-0.012086086079396772,0.022056389106017923
34.277355017650024,-0.012823345725007639,0.021692943239097078
34.294043116490165,-0.013521175945818252,0.02128517686725807
34.31073121533031,-0.014217493055752163,0.020844307918801847
34.32741931417045,-0.014874099281300927,0.020426457306894148
34.34410741301059,-0.015545320114117621,0.019940181208758102
34.36079551185073,-0.01616035407211658,0.01941630378583328
34.377483610690874,-0.016738171079921354,0.018894928647882944
34.394171709531015,-0.01735320263781802,0.018348595149993742
34.41085980837116,-0.01790865667466668,0.01779065922611888
34.4275479072113,-0.018439555997419935,0.01720820489704871
34.44423600605144,-0.018943882882254612,0.016608806133740696
34.46092410489158,-0.019423702683788617,0.01600651342705437
34.477612203731724,-0.019932840680318097,0.015374306980722438
34.494300302571865,-0.020406731692257866,0.014745080109855794
34.510988401412,-0.020849858571780858,0.014067400034640963
34.52767650025214,-0.02127515903537717,0.013403103810336882
34.54436459909228,-0.021670826906291133,0.012705215491233313
34.561052697932425,-0.022042702169625242,0.012035393381547237
34.57774079677257,-0.022445598496615052,0.011292321844763687
34.59442889561271,-0.022859525422538367,0.010571563670923954
34.61111699445285,-0.023161644557026594,0.009841998860985232
34.62780509329299,-0.023463573459308103,0.009087042262099908
34.64449319213313,-0.02373689762778831,0.008354964154154442
34.661181290973275,-0.024023303553375615,0.007590505228230436
34.67786938981342,-0.02430235945267863,0.006798018519882551
34.69455748865356,-0.024568800266587407,0.006000627741302143
34.7112455874937,-0.024736750369380636,0.0052163282150254914
34.72793368633384,-0.024877249661666784,0.0044185476637498946
34.74462178517398,-0.025009492246668184,0.0036305254975463296
34.76130988401412,-0.025094438234329244,0.002813217645187325
34.77799798285426,-0.025235730368449012,0.0020107197860095645
34.7946860816944,-0.025283446610175935,0.001210812724422196
34.81137418053454,-0.02530927284063795,0.0004004420121429976
34.828062279374684,-0.025300319476432416,-0.00041864091315090213
34.844750378214826,-0.025299375410913868,-0.0012469866316020073
34.86143847705497,-0.025254404996712686,-0.0020793556870479985
34.87812657589511,-0.02517130327040998,-0.002929332646418995
34.89481467473525,-0.025045872916051284,-0.003758385501529312
34.91150277357539,-0.024888205205127745,-0.004580462015381809
34.928190872415534,-0.02466650922415388,-0.005404322327515715
34.944878971255676,-0.02448652193417386,-0.0062212331230180745
34.96156707009582,-0.024278902128505614,-0.00705797235043865
34.97825516893596,-0.024007838177898193,-0.007857592698344556
34.9949432677761,-0.023720614613797632,-0.008645524496134573
35.01163136661624,-0.023378308813673757,-0.009418470553008852
35.02831946545638,-0.023017356590487,-0.010181833834888278
35.04500756429652,-0.022673947099016736,-0.010937028399070393
35.06169566313666,-0.022287456169186936,-0.011679805409452846
35.0783837619768,-0.021830202461053518,-0.012415019514037508
35.095071860816944,-0.021382803620019604,-0.013113213118359559
35.111759959657086,-0.020906713079040323,-0.013801897818488416
35.12844805849723,-0.02042682222393694,-0.014492765163257735
35.14513615733737,-0.019933883701828782,-0.015211685785220305
35.16182425617751,-0.019377929278937178,-0.015889491309875107
35.17851235501765,-0.01878600732334661,-0.01654519000284962
35.195200453857794,-0.01816042528780085,-0.017178642147194185
35.211888552697935,-0.01750426649852879,-0.017765965822743878
35.22857665153808,-0.01683420633749847,-0.01839808416244598
35.24526475037822,-0.016156604931149607,-0.018979453940103173
35.26195284921836,-0.015422930102036847,-0.01951691094197108
35.278640948058495,-0.0146251493082854,-0.02000796724642877
35.29532904689864,-0.013872506331821929,-0.020456787099956172
35.31201714573878,-0.013090843858811905,-0.020956625429952778
35.32870524457892,-0.012250871769584785,-0.0213898137611895
35.34539334341906,-0.011453994331536389,-0.021826017054225717
35.3620814422592,-0.010593041858426473,-0.022226118890625753
35.378769541099345,-0.009703973948624153,-0.02255836424487896
35.39545763993949,-0.008831304483928049,-0.02288677397741308
35.41214573877963,-0.007953243480166556,-0.023167696690773593
35.42883383761977,-0.007036725199064942,-0.02339950005478852
35.44552193645991,-0.0061312484195620255,-0.023575853436504333
35.46221003530005,-0.005177645262224217,-0.02368411147854262
35.478898134140195,-0.0042299988468711925,-0.02380865132647802
35.49558623298034,-0.0032871861521742555,-0.023860037821021165
35.51227433182048,-0.002314273790320956,-0.02389355959686973
35.52896243066062,-0.00133128672807499,-0.023887315950123226
35.545650529500755,-0.00036211420033191617,-0.02383948259921203
35.562338628340896,0.0006865834563294743,-0.023760945144165702
35.57902672718104,0.0016661597404881686,-0.023611727532270005
35.59571482602118,0.002647276036885677,-0.023421282863073906
35.61240292486132,0.003644195834586975,-0.023221191678088678
35.62909102370146,0.004631352981507443,-0.02293584189926482
35.645779122541605,0.0056518351363330195,-0.022633305526208552
35.662467221381746,0.006644364735990049,-0.02225376830113181
35.67915532022189,0.007610256257561139,-0.021832922757571826
35.69584341906203,0.008526736825266239,-0.02138565132705403
35.71253151790217,0.009460812184966035,-0.020932439184746878
35.72921961674231,0.010383504837546905,-0.020382542263538344
35.745907715582455,0.011257845008589425,-0.019770910479099072
35.762595814422596,0.012133701292859804,-0.019184696661085614
35.77928391326274,0.012935831467261672,-0.01849553948821149
35.79597201210287,0.013676907036960654,-0.017802548238865016
35.812660110943014,0.014465941424186472,-0.01706538516217618
35.829348209783156,0.015211309894144176,-0.016254156352452684
35.8460363086233,0.015895078611429272,-0.015426405672229766
35.86272440746344,0.01654719028363227,-0.01454227262032766
35.87941250630358,0.017112415077799693,-0.013616694283642369
35.89610060514372,0.017669328579099176,-0.012679074084567095
35.912788703983864,0.018219491047425457,-0.011660220481213434
35.929476802824006,0.01871155792528968,-0.010622786760702593
35.94616490166415,0.019117868321756284,-0.009566856758997225
35.96285300050429,0.019448800935454365,-0.008496299273933045
35.97954109934443,0.01975080240677488,-0.007418041368447865
35.99622919818457,0.01996123686730294,-0.006277986488931243
36.012917297024714,0.020157856145865186,-0.005126504428201256
36.029605395864856,0.020250614402425583,-0.003965890078370553
36.04629349470499,0.020264995133159717,-0.002810055616531674
36.06298159354513,0.02025686651366217,-0.0016277708087681312
36.07966969238527,0.020188498749148444,-0.00041462595773482543
36.096357791225415,0.02006396579850242,0.0007830931240225092
36.11304589006556,0.019898409924733948,0.002003169411831871
36.1297339889057,0.019686987837633757,0.0031855976997492035
36.14642208774584,0.01934690148697782,0.004330985814602966
36.16311018658598,0.018977289184296562,0.00545393261462808
36.17979828542612,0.018531055683765122,0.006549588975219627
36.196486384266265,0.018019778232943907,0.007606902088706825
36.21317448310641,0.017441944457079108,0.00863019603032505
36.22986258194655,0.016795892119576328,0.00958565474112033
36.24655068078669,0.016031439627769626,0.01047185610109862
36.26323877962683,0.015256512510637754,0.011339538377027078
36.27992687846697,0.014446217278595451,0.012169326114346027
36.296614977307115,0.013537645427779202,0.012907693826287056
36.31330307614725,0.012577680755337836,0.013596975126393802
36.32999117498739,0.011586576813499888,0.014201205347359198
36.34667927382753,0.01053382151765433,0.01478220685365962
36.363367372667675,0.009475578595090113,0.015298999409723714
36.380055471507816,0.008375129994259144,0.015744531729716158
36.39674357034796,0.007267533845534253,0.016129046490494327
36.4134316691881,0.006108108148171402,0.01645003173955429
36.43011976802824,0.0049645864868584026,0.01669708117364647
36.44680786686838,0.0037944544203260297,0.016889928702546294
36.463495965708525,0.0026036317410241955,0.017005818254197877
36.480184064548666,0.0014429094736661734,0.017069655014380642
36.49687216338881,0.00027476093255326506,0.017075918673037805
36.51356026222895,-0.0009218681555200857,0.01696517419698334
36.53024836106909,-0.0020507857733664155,0.01677743729365938
36.54693645990923,-0.003196102379259757,0.0165140972422067
36.56362455874937,-0.004334063362809116,0.016162288514126637
36.58031265758951,-0.005412614599931136,0.015726741896711718
36.59700075642965,-0.006515674983541486,0.015188276882496089
36.61368885526979,-0.007587431859479099,0.014630465780041797
36.630376954109934,-0.008615309133835031,0.01397605492996238
36.647065052950076,-0.009590508326688767,0.013275434344706032
36.66375315179022,-0.010562323618085179,0.012511333932296245
36.68044125063036,-0.011474419022572869,0.011667218934911244
36.6971293494705,-0.012317723617842873,0.010739602243865814
36.71381744831064,-0.01314350972687287,0.009759314217662463
36.730505547150784,-0.013884197450964272,0.008733632701210829
36.747193645990926,-0.014561972025917826,0.007655668579955527
36.76388174483107,-0.015195752493414632,0.006544177162427541
36.78056984367121,-0.01572786518056051,0.005372863981252835
36.79725794251135,-0.01616381291666934,0.0041442125123408
36.813946041351485,-0.016531640552859217,0.002881258503445709
36.83063414019163,-0.01677674679620161,0.0016436861288242862
36.84732223903177,-0.016877735276923423,0.00038365946233817556
36.86401033787191,-0.016900673672707818,-0.0009252789693472795
36.88069843671205,-0.01677975837178662,-0.002225586309500548
36.897386535552194,-0.016557783677854907,-0.0035403258226709197
36.914074634392335,-0.016290718098696064,-0.00481665376157316
36.93076273323248,-0.015851048675821315,-0.006077432470559135
36.94745083207262,-0.015288872484415747,-0.0073068023169019095
36.96413893091276,-0.014689446633873782,-0.008513447318783028
36.9808270297529,-0.013970463263277222,-0.00970852612647987
36.997515128593044,-0.013164001547775585,-0.010860150685541308
37.014203227433185,-0.012291488734612666,-0.011937578534499553
37.03089132627333,-0.011307252436196664,-0.012955436371963152
37.04757942511347,-0.010286382582838087,-0.01389745136713463
37.06426752395361,-0.00923960508324756,-0.01480310663563581
37.080955622793745,-0.008058977386760783,-0.01563652159244264
37.09764372163389,-0.0068223258176552965,-0.01635334458020841
37.11433182047403,-0.005551727516756416,-0.016985562603111137
37.13101991931417,-0.004209349444133995,-0.0175457502681306
37.14770801815431,-0.0028826864282979923,-0.01798824610372108
37.16439611699445,-0.0014955266618222117,-0.018347765061074765
37.181084215834595,-7.465418139446937e-05,-0.01859833790085122
37.19777231467474,0.0013471985319764305,-0.018708838699521255
37.21446041351488,0.0030314825083439315,-0.018760363298530803
37.23114851235502,0.0042718838363837615,-0.018685854309965867
37.24783661119516,0.005690617242600798,-0.018480295752316384
37.2645247100353,0.007164265940663284,-0.01813515934965852
37.281212808875445,0.008524068203075592,-0.01772452665634984
37.29790090771559,0.009929948425446943,-0.0171850592938438
37.31458900655573,0.011230644295349274,-0.016495688121761633
37.33127710539586,0.012544445885098659,-0.015796059330506144
37.347965204236004,0.013731950387920537,-0.01495018488336513
37.364653303076146,0.014908453503294034,-0.014016112981216163
37.38134140191629,0.016076219138951235,-0.012967070830731309
37.39802950075643,0.01704188884038423,-0.01190583682138836
37.41471759959657,0.017933358891745924,-0.010819616813132715
37.43140569843671,0.01881717037452823,-0.009666061004522537
37.448093797276854,0.019572922302520966,-0.008402604901601558
37.464781896116996,0.020245500785648,-0.007141053854785444
37.48146999495714,0.0209098204090107,-0.005804793418457387
37.49815809379728,0.021447770723351058,-0.004467507578537761
37.51484619263742,0.02188801039828368,-0.00310770787916537
37.53153429147756,0.022241601412047538,-0.00171841364375124
37.548222390317704,0.022465706801610044,-0.00035557162024269206
37.564910489157846,0.022657710538727074,0.0010072428290162322
37.58159858799799,0.022785094884645855,0.002362655620950904
37.59828668683812,0.022795623886404007,0.003674182660997334
37.614974785678264,0.02267214760003422,0.004948798747481907
37.631662884518406,0.022576993376895293,0.006192824373315274
37.64835098335855,0.02238672325321067,0.007368690334372498
37.66503908219869,0.02212845626793411,0.008610386909959262
37.68172718103883,0.02181395544879932,0.00970084688942268
37.69841527987897,0.021440986605623727,0.010785563471382273
37.715103378719114,0.020987989201345248,0.011821384628330432
37.731791477559256,0.02055145569971057,0.01283719145127907
37.7484795763994,0.019988683213768305,0.013803753666056648
37.76516767523954,0.019397174176907905,0.014715497142568154
37.78185577407968,0.01879377901300978,0.015575083289613215
37.79854387291982,0.018099785936870335,0.016378291866221743
37.815231971759964,0.017334012864037424,0.01714999035459652
37.831920070600106,0.016578473738428485,0.017883823353619738
37.84860816944024,0.01581242022392754,0.0186235441559951
37.86529626828038,0.014978499684061779,0.01929150439138145
37.88198436712052,0.014101636512903125,0.019890497433832102
37.898672465960665,0.013223459534432389,0.020517452544941236
37.91536056480081,0.012186759604970123,0.021044276344786474
37.93204866364095,0.011203008657609658,0.021631314862946782
37.94873676248109,0.010186425942767101,0.022140993664654048
37.96542486132123,0.009134111700207897,0.022641057071358835
37.98211296016137,0.00808149297735298,0.023141914874342206
37.998801059001515,0.006934626125763251,0.023578768302179684
38.01548915784166,0.00573444430675603,0.023922787519233345
38.0321772566818,0.0046092691565396285,0.02424018154439991
38.04886535552194,0.0035357060345198314,0.024470356442822302
38.06555345436208,0.0024186088689742064,0.024662060007736887
38.08224155320222,0.0013054240631163716,0.02480221702368393
38.09892965204236,0.00015289360815942064,0.02482725025902634
38.1156177508825,-0.0010656300901727928,0.024816189329100888
38.13230584972264,-0.0021254888919468515,0.02468639053254438
38.14899394856278,-0.0032087651470895867,0.02448031358773668
38.165682047402925,-0.004272649122332997,0.02424944295839975
38.182370146243066,-0.0054043444409841105,0.023989979567189002
38.19905824508321,-0.0064893018175648425,0.023665593942864414
38.21574634392335,-0.007631790004326175,0.02322888561615117
38.23243444276349,-0.008707195654907275,0.02281232117176444
38.24912254160363,-0.009663384344213434,0.022308592203743358
38.265810640443775,-0.010693289128769153,0.0218036377026538
38.282498739283916,-0.011733976078458008,0.021252610389782385
38.29918683812406,-0.012762041979300103,0.0206504875048293
38.3158749369642,-0.013712672063023039,0.020042166908736076
38.33256303580434,-0.014617038365766406,0.019429963106189645
38.34925113464448,-0.015434129841058943,0.018803032823328063
38.36593923348462,-0.016243754109138715,0.01815660749506903
38.38262733232476,-0.017123375552149798,0.01741822318942017
38.3993154311649,-0.0178809261323754,0.01667084838032441
38.41600353000504,-0.018624078968410947,0.01589006343621728
38.432691628845184,-0.01926428247774401,0.015142290367290359
38.449379727685326,-0.019859421586165764,0.01439035518248398
38.46606782652547,-0.02043952650735749,0.013520396110984588
38.48275592536561,-0.021057145026496932,0.012653431227901248
38.49944402420575,-0.02153066891878649,0.011790232944735754
38.51613212304589,-0.02197307496304704,0.010923288435866338
38.532820221886034,-0.022384747788430272,0.010035749581085102
38.549508320726176,-0.022755206518617475,0.009178810402494223
38.56619641956632,-0.023098068272258552,0.008291205578047684
38.58288451840646,-0.02344223142669296,0.007384105632259481
38.5995726172466,-0.023704888763325813,0.006443783232795691
38.616260716086735,-0.023889257459583486,0.005572218956681515
38.63294881492688,-0.02406543168420267,0.004654496860386208
38.64963691376702,-0.024219299514086648,0.003737186178166444
38.66632501260716,-0.024301227684215845,0.002778515526222639
38.6830131114473,-0.024399695686946343,0.0018249632343259024
38.699701210287444,-0.024397675021708864,0.0008599921861586784
38.716389309127585,-0.024398549375590915,-7.648845886089893e-05
38.73307740796773,-0.024377748258598116,-0.0010653406237666853
38.74976550680787,-0.024274854624257155,-0.0020342684616022864
38.76645360564801,-0.024171513138081184,-0.0030265830691866254
38.78314170448815,-0.024024274578065625,-0.004020605128958666
38.799829803328294,-0.02379245910853215,-0.004956614492247894
38.816517902168435,-0.023514501153446495,-0.005874010560977417
38.83320600100858,-0.023289089234033358,-0.006816094934202779
38.84989409984872,-0.022970797012358712,-0.007736699835472743
38.86658219868885,-0.022634335601554575,-0.008652363854230969
38.883270297528995,-0.022299078192165166,-0.009546865022581457
38.899958396369136,-0.021885878918470006,-0.010399325610256784
38.91664649520928,-0.021496352734359347,-0.011225455805108421
38.93333459404942,-0.0210844965792157,-0.012065365514079785
38.95002269288956,-0.02059951432182635,-0.012912599535047191
38.9667107917297,-0.020114364440898577,-0.013749050188743343
38.983398890569845,-0.019634253522671195,-0.014564443994577224
39.000086989409986,-0.019127993486024442,-0.015370731584052014
39.01677508825013,-0.018574129419368545,-0.01618154466033517
39.03346318709027,-0.01803301890192262,-0.01694605095308916
39.05015128593041,-0.017379392508603934,-0.017710543269460324
39.06683938477055,-0.016708623532096147,-0.018400137264398098
39.083527483610695,-0.016034703197905217,-0.019070013581485506
39.100215582450836,-0.015363664774860402,-0.019746325445618343
39.11690368129098,-0.014660615236454887,-0.0204159179931661
39.13359178013111,-0.013927746522894201,-0.02102296651381364
39.150279878971254,-0.013157086357998326,-0.021592233360671096
39.166967977811396,-0.012406633889536748,-0.022153525101138802
39.18365607665154,-0.011650484370330526,-0.02268426752734444
39.20034417549168,-0.010901920946478958,-0.023125791513548415
39.21703227433182,-0.010114934593847057,-0.023571012718492827
39.23372037317196,-0.009314595916661896,-0.024018039776230203
39.250408472012104,-0.008469103869024072,-0.024391852561147172
39.267096570852246,-0.007649540204932062,-0.02476487047613878
39.28378466969239,-0.006865697620441578,-0.025124941785227752
39.30047276853253,-0.006006437703861153,-0.025442064175970072
39.31716086737267,-0.005164438866965716,-0.02575221605764047
39.33384896621281,-0.004280384185792837,-0.025998906221983153
39.350537065052954,-0.003355339046453099,-0.026163204788138474
39.367225163893096,-0.00245622776028818,-0.026275535355533203
39.38391326273323,-0.0015990347968634464,-0.026436286315839684
39.40060136157337,-0.0007110604489265622,-0.02658687753138992
39.417289460413514,0.00018670167183897283,-0.02662054063798081
39.433977559253655,0.0010405193951347766,-0.02664620644312951
39.4506656580938,0.0019535772825982605,-0.026619989295863417
39.46735375693394,0.002839081021045175,-0.02661806935907011
39.48404185577408,0.003685869957112811,-0.026591278989887248
39.50072995461422,0.0045506714000276925,-0.026573173525088544
39.517418053454364,0.005381729412598345,-0.02644099936047673
39.534106152294505,0.00629612714532475,-0.026276865468969884
39.55079425113465,0.007109817993633686,-0.026106774030460227
39.56748234997479,0.008014037971325421,-0.025959521001968834
39.58417044881493,0.008848618198083653,-0.02574415722353409
39.60085854765507,0.009682040920586683,-0.02551927358934657
39.617546646495214,0.010501957836194913,-0.025241360389878665
39.634234745335355,0.01132640714072596,-0.024920748433136432
39.65092284417549,0.012165779092702174,-0.024620470667434224
39.66761094301563,0.012960241158216444,-0.024254526494101997
39.68429904185577,0.0137126591336793,-0.023878499628735228
39.700987140695915,0.014475579186016526,-0.023512415292366463
39.71767523953606,0.015208801860106001,-0.02306460084885573
39.7343633383762,0.015908636834933244,-0.02254028913160983
39.75105143721634,0.016634765996002242,-0.022067679661810977
39.76773953605648,0.01732008693722566,-0.02155555271297144
39.78442763489662,0.017897324820461392,-0.02096305425991613
39.801115733736765,0.01857310725045767,-0.020332325667368402
39.81780383257691,0.019241455928866214,-0.019716687530940025
39.83449193141705,0.01986651136355219,-0.01905849531345785
39.85118003025719,0.020559426694670632,-0.018431896552459266
39.86786812909733,0.02116578815489645,-0.017768801311843246
39.88455622793747,0.02174413441661962,-0.016998239295280698
39.90124432677761,0.02233758515630699,-0.01628621545095064
39.91793242561775,0.022910215239955654,-0.01547768308157672
39.93462052445789,0.023437054802250785,-0.014694557574519837
39.95130862329803,0.023942685789167806,-0.01390431748467978
39.967996722138174,0.024395429083238006,-0.01311283047991081
39.984684820978316,0.024781253238702186,-0.012255111519877158
40.00137291981846,0.02520431292472467,-0.011390544002226107
40.0180610186586,0.025606869766284235,-0.010546126637745457
40.03474911749874,0.025950208263313384,-0.009669317761343443
40.05143721633888,0.026266718929950958,-0.008834940282771873
40.068125315179024,0.026530031721622327,-0.00790900518912252
40.084813414019166,0.026817728619632428,-0.0070019558731752325
40.10150151285931,0.02707371246986631,-0.00611667762436992
40.11818961169945,0.027279965036944142,-0.00521453992885475
40.13487771053959,0.02738079104231127,-0.004306309455926655
40.151565809379726,0.027519908657436663,-0.003388152275904332
40.16825390821987,0.02757322235353539,-0.0024428464572557604
40.18494200706001,0.027648828134511885,-0.001427025348820221
40.20163010590015,0.02775694820795467,-0.00046470534019060755
40.21831820474029,0.02777525714543073,0.0005289251133338573
40.235006303580434,0.02773003265290715,0.0015141486493713305
40.251694402420576,0.027688851316329623,0.002510910601266914
40.26838250126072,0.02756277106656395,0.0035219422088908618
40.28507060010086,0.027418212184324036,0.004471506148716027
40.301758698941,0.027201808737618845,0.005444106487378332
40.31844679778114,0.026960060247934105,0.006372175984601215
40.335134896621284,0.026620247504995337,0.007329227324324204
40.351822995461426,0.0262704596526066,0.008267702281135122
40.36851109430157,0.025949863889024725,0.009242150118723539
40.38519919314171,0.025569585033061143,0.010106437193782793
40.40188729198185,0.025191281391988483,0.011042007439029075
40.418575390821985,0.024772135152904377,0.011977625406471556
40.43526348966213,0.02435276231721264,0.012888506744532907
40.45195158850227,0.023926330113728474,0.013824926102318214
40.46863968734241,0.023466095861765648,0.01468814058718299
40.48532778618255,0.02292642355577986,0.01556409117221226
40.50201588502269,0.02231123120047437,0.01636212649167208
40.518703983862835,0.02165392035573498,0.01720392686705246
40.53539208270298,0.020983572327251357,0.018007654123606553
40.55208018154312,0.020357141486493712,0.018818223342109974
40.56876828038326,0.019680008128540902,0.019621609196655714
40.5854563792234,0.0189701075417118,0.02041731950921987
40.60214447806354,0.018250719693538798,0.021148894774054256
40.618832576903685,0.017523599381233382,0.02186044166416324
40.63552067574383,0.016799640898243505,0.02261239714356562
40.65220877458397,0.01602782532435181,0.02329224763347733
40.6688968734241,0.015235889592179547,0.023933147111132265
40.685584972264245,0.014408806826545058,0.024520299792056388
40.702273071104386,0.01355422110570892,0.025097704113152035
40.71896116994453,0.012702270453790307,0.025634380500943774
40.73564926878467,0.01187619746315806,0.02613914786485143
40.75233736762481,0.011036771727797373,0.026668850680816487
40.76902546646495,0.01015244671797947,0.027147948980210116
40.785713565305095,0.009243344229427016,0.02763000245558169
40.802401664145236,0.008329131187761582,0.028076599156524103
40.81908976298538,0.007486761046917425,0.02850333334683358
40.83577786182552,0.006539849334169707,0.028895808800582082
40.85246596066566,0.005537687113140936,0.029275724044172544
40.8691540595058,0.004653190909542071,0.029601497362465454
40.885842158345945,0.003695058278212327,0.029871453477177037
40.902530257186086,0.0028096044636829417,0.030141565289526055
40.91921835602622,0.00203225074625205,0.030418218935838553
40.93590645486636,0.0011938918373503497,0.030666884377484008
40.952594553706504,0.000302238286673423,0.03089309655213931
40.969282652546646,-0.0005768013887447094,0.03112190752467405
40.98597075138679,-0.001391502885632441,0.03135071016204619
41.00265885022693,-0.0022048753314352527,0.03151947621237817
41.01934694906707,-0.0030222424698133233,0.03167208759678395
41.03603504790721,-0.0038239789084620426,0.03178327945534249
41.052723146747354,-0.004650984160880199,0.03187418026375058
41.069411245587496,-0.005419362261669948,0.031946723646723636
41.08609934442764,-0.006164881778556992,0.03196512275437324
41.10278744326778,-0.006936413643901512,0.031973703748746
41.11947554210792,-0.007697202745379709,0.031968951157779514
41.13616364094806,-0.008429879745577419,0.03195390014601777
41.152851739788204,-0.009189131765091244,0.0319760928725185
41.169539838628346,-0.009899186211094166,0.03194298223703665
41.18622793746848,-0.010566084533626396,0.03188752350245396
41.20291603630862,-0.011264474777042137,0.03191295274973211
41.219604135148764,-0.011929112193305516,0.03185918953723583
41.236292233988905,-0.012595952602649198,0.03185533695771884
41.25298033282905,-0.013240280185151982,0.03186655642553079
41.26966843166919,-0.013869261670434929,0.03193757023711444
41.28635653050933,-0.014557374574318436,0.03201884270325018
41.30304462934947,-0.015303061405834725,0.032200713991655756
41.319732728189614,-0.01605996136538403,0.03245424829768401
41.336420827029755,-0.016834752932627418,0.03276396357428746
41.3531089258699,-0.017600829834089695,0.03324535292909769
41.36979702471004,-0.018259287591756282,0.03382229348204304
